--
-- PostgreSQL database dump
--

-- Dumped from database version 13.2
-- Dumped by pg_dump version 13.2

SET statement_timeout = 0;
SET lock_timeout = 0;
SET idle_in_transaction_session_timeout = 0;
SET client_encoding = 'UTF8';
SET standard_conforming_strings = on;
SELECT pg_catalog.set_config('search_path', '', false);
SET check_function_bodies = false;
SET xmloption = content;
SET client_min_messages = warning;
SET row_security = off;

--
-- Name: keycloak; Type: SCHEMA; Schema: -; Owner: dan_ms_user
--

CREATE SCHEMA keycloak;


ALTER SCHEMA keycloak OWNER TO dan_ms_user;

--
-- Name: ms_envio; Type: SCHEMA; Schema: -; Owner: dan_ms_user
--

CREATE SCHEMA ms_envio;


ALTER SCHEMA ms_envio OWNER TO dan_ms_user;

--
-- Name: ms_material; Type: SCHEMA; Schema: -; Owner: dan_ms_user
--

CREATE SCHEMA ms_material;


ALTER SCHEMA ms_material OWNER TO dan_ms_user;

--
-- Name: ms_pago; Type: SCHEMA; Schema: -; Owner: dan_ms_user
--

CREATE SCHEMA ms_pago;


ALTER SCHEMA ms_pago OWNER TO dan_ms_user;

--
-- Name: ms_pedido; Type: SCHEMA; Schema: -; Owner: dan_ms_user
--

CREATE SCHEMA ms_pedido;


ALTER SCHEMA ms_pedido OWNER TO dan_ms_user;

--
-- Name: ms_usuario; Type: SCHEMA; Schema: -; Owner: dan_ms_user
--

CREATE SCHEMA ms_usuario;


ALTER SCHEMA ms_usuario OWNER TO dan_ms_user;

SET default_tablespace = '';

SET default_table_access_method = heap;

--
-- Name: admin_event_entity; Type: TABLE; Schema: keycloak; Owner: dan_ms_user
--

CREATE TABLE keycloak.admin_event_entity (
    id character varying(36) NOT NULL,
    admin_event_time bigint,
    realm_id character varying(255),
    operation_type character varying(255),
    auth_realm_id character varying(255),
    auth_client_id character varying(255),
    auth_user_id character varying(255),
    ip_address character varying(255),
    resource_path character varying(2550),
    representation text,
    error character varying(255),
    resource_type character varying(64)
);


ALTER TABLE keycloak.admin_event_entity OWNER TO dan_ms_user;

--
-- Name: associated_policy; Type: TABLE; Schema: keycloak; Owner: dan_ms_user
--

CREATE TABLE keycloak.associated_policy (
    policy_id character varying(36) NOT NULL,
    associated_policy_id character varying(36) NOT NULL
);


ALTER TABLE keycloak.associated_policy OWNER TO dan_ms_user;

--
-- Name: authentication_execution; Type: TABLE; Schema: keycloak; Owner: dan_ms_user
--

CREATE TABLE keycloak.authentication_execution (
    id character varying(36) NOT NULL,
    alias character varying(255),
    authenticator character varying(36),
    realm_id character varying(36),
    flow_id character varying(36),
    requirement integer,
    priority integer,
    authenticator_flow boolean DEFAULT false NOT NULL,
    auth_flow_id character varying(36),
    auth_config character varying(36)
);


ALTER TABLE keycloak.authentication_execution OWNER TO dan_ms_user;

--
-- Name: authentication_flow; Type: TABLE; Schema: keycloak; Owner: dan_ms_user
--

CREATE TABLE keycloak.authentication_flow (
    id character varying(36) NOT NULL,
    alias character varying(255),
    description character varying(255),
    realm_id character varying(36),
    provider_id character varying(36) DEFAULT 'basic-flow'::character varying NOT NULL,
    top_level boolean DEFAULT false NOT NULL,
    built_in boolean DEFAULT false NOT NULL
);


ALTER TABLE keycloak.authentication_flow OWNER TO dan_ms_user;

--
-- Name: authenticator_config; Type: TABLE; Schema: keycloak; Owner: dan_ms_user
--

CREATE TABLE keycloak.authenticator_config (
    id character varying(36) NOT NULL,
    alias character varying(255),
    realm_id character varying(36)
);


ALTER TABLE keycloak.authenticator_config OWNER TO dan_ms_user;

--
-- Name: authenticator_config_entry; Type: TABLE; Schema: keycloak; Owner: dan_ms_user
--

CREATE TABLE keycloak.authenticator_config_entry (
    authenticator_id character varying(36) NOT NULL,
    value text,
    name character varying(255) NOT NULL
);


ALTER TABLE keycloak.authenticator_config_entry OWNER TO dan_ms_user;

--
-- Name: broker_link; Type: TABLE; Schema: keycloak; Owner: dan_ms_user
--

CREATE TABLE keycloak.broker_link (
    identity_provider character varying(255) NOT NULL,
    storage_provider_id character varying(255),
    realm_id character varying(36) NOT NULL,
    broker_user_id character varying(255),
    broker_username character varying(255),
    token text,
    user_id character varying(255) NOT NULL
);


ALTER TABLE keycloak.broker_link OWNER TO dan_ms_user;

--
-- Name: client; Type: TABLE; Schema: keycloak; Owner: dan_ms_user
--

CREATE TABLE keycloak.client (
    id character varying(36) NOT NULL,
    enabled boolean DEFAULT false NOT NULL,
    full_scope_allowed boolean DEFAULT false NOT NULL,
    client_id character varying(255),
    not_before integer,
    public_client boolean DEFAULT false NOT NULL,
    secret character varying(255),
    base_url character varying(255),
    bearer_only boolean DEFAULT false NOT NULL,
    management_url character varying(255),
    surrogate_auth_required boolean DEFAULT false NOT NULL,
    realm_id character varying(36),
    protocol character varying(255),
    node_rereg_timeout integer DEFAULT 0,
    frontchannel_logout boolean DEFAULT false NOT NULL,
    consent_required boolean DEFAULT false NOT NULL,
    name character varying(255),
    service_accounts_enabled boolean DEFAULT false NOT NULL,
    client_authenticator_type character varying(255),
    root_url character varying(255),
    description character varying(255),
    registration_token character varying(255),
    standard_flow_enabled boolean DEFAULT true NOT NULL,
    implicit_flow_enabled boolean DEFAULT false NOT NULL,
    direct_access_grants_enabled boolean DEFAULT false NOT NULL,
    always_display_in_console boolean DEFAULT false NOT NULL
);


ALTER TABLE keycloak.client OWNER TO dan_ms_user;

--
-- Name: client_attributes; Type: TABLE; Schema: keycloak; Owner: dan_ms_user
--

CREATE TABLE keycloak.client_attributes (
    client_id character varying(36) NOT NULL,
    value character varying(4000),
    name character varying(255) NOT NULL
);


ALTER TABLE keycloak.client_attributes OWNER TO dan_ms_user;

--
-- Name: client_auth_flow_bindings; Type: TABLE; Schema: keycloak; Owner: dan_ms_user
--

CREATE TABLE keycloak.client_auth_flow_bindings (
    client_id character varying(36) NOT NULL,
    flow_id character varying(36),
    binding_name character varying(255) NOT NULL
);


ALTER TABLE keycloak.client_auth_flow_bindings OWNER TO dan_ms_user;

--
-- Name: client_initial_access; Type: TABLE; Schema: keycloak; Owner: dan_ms_user
--

CREATE TABLE keycloak.client_initial_access (
    id character varying(36) NOT NULL,
    realm_id character varying(36) NOT NULL,
    "timestamp" integer,
    expiration integer,
    count integer,
    remaining_count integer
);


ALTER TABLE keycloak.client_initial_access OWNER TO dan_ms_user;

--
-- Name: client_node_registrations; Type: TABLE; Schema: keycloak; Owner: dan_ms_user
--

CREATE TABLE keycloak.client_node_registrations (
    client_id character varying(36) NOT NULL,
    value integer,
    name character varying(255) NOT NULL
);


ALTER TABLE keycloak.client_node_registrations OWNER TO dan_ms_user;

--
-- Name: client_scope; Type: TABLE; Schema: keycloak; Owner: dan_ms_user
--

CREATE TABLE keycloak.client_scope (
    id character varying(36) NOT NULL,
    name character varying(255),
    realm_id character varying(36),
    description character varying(255),
    protocol character varying(255)
);


ALTER TABLE keycloak.client_scope OWNER TO dan_ms_user;

--
-- Name: client_scope_attributes; Type: TABLE; Schema: keycloak; Owner: dan_ms_user
--

CREATE TABLE keycloak.client_scope_attributes (
    scope_id character varying(36) NOT NULL,
    value character varying(2048),
    name character varying(255) NOT NULL
);


ALTER TABLE keycloak.client_scope_attributes OWNER TO dan_ms_user;

--
-- Name: client_scope_client; Type: TABLE; Schema: keycloak; Owner: dan_ms_user
--

CREATE TABLE keycloak.client_scope_client (
    client_id character varying(255) NOT NULL,
    scope_id character varying(255) NOT NULL,
    default_scope boolean DEFAULT false NOT NULL
);


ALTER TABLE keycloak.client_scope_client OWNER TO dan_ms_user;

--
-- Name: client_scope_role_mapping; Type: TABLE; Schema: keycloak; Owner: dan_ms_user
--

CREATE TABLE keycloak.client_scope_role_mapping (
    scope_id character varying(36) NOT NULL,
    role_id character varying(36) NOT NULL
);


ALTER TABLE keycloak.client_scope_role_mapping OWNER TO dan_ms_user;

--
-- Name: client_session; Type: TABLE; Schema: keycloak; Owner: dan_ms_user
--

CREATE TABLE keycloak.client_session (
    id character varying(36) NOT NULL,
    client_id character varying(36),
    redirect_uri character varying(255),
    state character varying(255),
    "timestamp" integer,
    session_id character varying(36),
    auth_method character varying(255),
    realm_id character varying(255),
    auth_user_id character varying(36),
    current_action character varying(36)
);


ALTER TABLE keycloak.client_session OWNER TO dan_ms_user;

--
-- Name: client_session_auth_status; Type: TABLE; Schema: keycloak; Owner: dan_ms_user
--

CREATE TABLE keycloak.client_session_auth_status (
    authenticator character varying(36) NOT NULL,
    status integer,
    client_session character varying(36) NOT NULL
);


ALTER TABLE keycloak.client_session_auth_status OWNER TO dan_ms_user;

--
-- Name: client_session_note; Type: TABLE; Schema: keycloak; Owner: dan_ms_user
--

CREATE TABLE keycloak.client_session_note (
    name character varying(255) NOT NULL,
    value character varying(255),
    client_session character varying(36) NOT NULL
);


ALTER TABLE keycloak.client_session_note OWNER TO dan_ms_user;

--
-- Name: client_session_prot_mapper; Type: TABLE; Schema: keycloak; Owner: dan_ms_user
--

CREATE TABLE keycloak.client_session_prot_mapper (
    protocol_mapper_id character varying(36) NOT NULL,
    client_session character varying(36) NOT NULL
);


ALTER TABLE keycloak.client_session_prot_mapper OWNER TO dan_ms_user;

--
-- Name: client_session_role; Type: TABLE; Schema: keycloak; Owner: dan_ms_user
--

CREATE TABLE keycloak.client_session_role (
    role_id character varying(255) NOT NULL,
    client_session character varying(36) NOT NULL
);


ALTER TABLE keycloak.client_session_role OWNER TO dan_ms_user;

--
-- Name: client_user_session_note; Type: TABLE; Schema: keycloak; Owner: dan_ms_user
--

CREATE TABLE keycloak.client_user_session_note (
    name character varying(255) NOT NULL,
    value character varying(2048),
    client_session character varying(36) NOT NULL
);


ALTER TABLE keycloak.client_user_session_note OWNER TO dan_ms_user;

--
-- Name: component; Type: TABLE; Schema: keycloak; Owner: dan_ms_user
--

CREATE TABLE keycloak.component (
    id character varying(36) NOT NULL,
    name character varying(255),
    parent_id character varying(36),
    provider_id character varying(36),
    provider_type character varying(255),
    realm_id character varying(36),
    sub_type character varying(255)
);


ALTER TABLE keycloak.component OWNER TO dan_ms_user;

--
-- Name: component_config; Type: TABLE; Schema: keycloak; Owner: dan_ms_user
--

CREATE TABLE keycloak.component_config (
    id character varying(36) NOT NULL,
    component_id character varying(36) NOT NULL,
    name character varying(255) NOT NULL,
    value character varying(4000)
);


ALTER TABLE keycloak.component_config OWNER TO dan_ms_user;

--
-- Name: composite_role; Type: TABLE; Schema: keycloak; Owner: dan_ms_user
--

CREATE TABLE keycloak.composite_role (
    composite character varying(36) NOT NULL,
    child_role character varying(36) NOT NULL
);


ALTER TABLE keycloak.composite_role OWNER TO dan_ms_user;

--
-- Name: credential; Type: TABLE; Schema: keycloak; Owner: dan_ms_user
--

CREATE TABLE keycloak.credential (
    id character varying(36) NOT NULL,
    salt bytea,
    type character varying(255),
    user_id character varying(36),
    created_date bigint,
    user_label character varying(255),
    secret_data text,
    credential_data text,
    priority integer
);


ALTER TABLE keycloak.credential OWNER TO dan_ms_user;

--
-- Name: databasechangelog; Type: TABLE; Schema: keycloak; Owner: dan_ms_user
--

CREATE TABLE keycloak.databasechangelog (
    id character varying(255) NOT NULL,
    author character varying(255) NOT NULL,
    filename character varying(255) NOT NULL,
    dateexecuted timestamp without time zone NOT NULL,
    orderexecuted integer NOT NULL,
    exectype character varying(10) NOT NULL,
    md5sum character varying(35),
    description character varying(255),
    comments character varying(255),
    tag character varying(255),
    liquibase character varying(20),
    contexts character varying(255),
    labels character varying(255),
    deployment_id character varying(10)
);


ALTER TABLE keycloak.databasechangelog OWNER TO dan_ms_user;

--
-- Name: databasechangeloglock; Type: TABLE; Schema: keycloak; Owner: dan_ms_user
--

CREATE TABLE keycloak.databasechangeloglock (
    id integer NOT NULL,
    locked boolean NOT NULL,
    lockgranted timestamp without time zone,
    lockedby character varying(255)
);


ALTER TABLE keycloak.databasechangeloglock OWNER TO dan_ms_user;

--
-- Name: default_client_scope; Type: TABLE; Schema: keycloak; Owner: dan_ms_user
--

CREATE TABLE keycloak.default_client_scope (
    realm_id character varying(36) NOT NULL,
    scope_id character varying(36) NOT NULL,
    default_scope boolean DEFAULT false NOT NULL
);


ALTER TABLE keycloak.default_client_scope OWNER TO dan_ms_user;

--
-- Name: event_entity; Type: TABLE; Schema: keycloak; Owner: dan_ms_user
--

CREATE TABLE keycloak.event_entity (
    id character varying(36) NOT NULL,
    client_id character varying(255),
    details_json character varying(2550),
    error character varying(255),
    ip_address character varying(255),
    realm_id character varying(255),
    session_id character varying(255),
    event_time bigint,
    type character varying(255),
    user_id character varying(255)
);


ALTER TABLE keycloak.event_entity OWNER TO dan_ms_user;

--
-- Name: fed_user_attribute; Type: TABLE; Schema: keycloak; Owner: dan_ms_user
--

CREATE TABLE keycloak.fed_user_attribute (
    id character varying(36) NOT NULL,
    name character varying(255) NOT NULL,
    user_id character varying(255) NOT NULL,
    realm_id character varying(36) NOT NULL,
    storage_provider_id character varying(36),
    value character varying(2024)
);


ALTER TABLE keycloak.fed_user_attribute OWNER TO dan_ms_user;

--
-- Name: fed_user_consent; Type: TABLE; Schema: keycloak; Owner: dan_ms_user
--

CREATE TABLE keycloak.fed_user_consent (
    id character varying(36) NOT NULL,
    client_id character varying(255),
    user_id character varying(255) NOT NULL,
    realm_id character varying(36) NOT NULL,
    storage_provider_id character varying(36),
    created_date bigint,
    last_updated_date bigint,
    client_storage_provider character varying(36),
    external_client_id character varying(255)
);


ALTER TABLE keycloak.fed_user_consent OWNER TO dan_ms_user;

--
-- Name: fed_user_consent_cl_scope; Type: TABLE; Schema: keycloak; Owner: dan_ms_user
--

CREATE TABLE keycloak.fed_user_consent_cl_scope (
    user_consent_id character varying(36) NOT NULL,
    scope_id character varying(36) NOT NULL
);


ALTER TABLE keycloak.fed_user_consent_cl_scope OWNER TO dan_ms_user;

--
-- Name: fed_user_credential; Type: TABLE; Schema: keycloak; Owner: dan_ms_user
--

CREATE TABLE keycloak.fed_user_credential (
    id character varying(36) NOT NULL,
    salt bytea,
    type character varying(255),
    created_date bigint,
    user_id character varying(255) NOT NULL,
    realm_id character varying(36) NOT NULL,
    storage_provider_id character varying(36),
    user_label character varying(255),
    secret_data text,
    credential_data text,
    priority integer
);


ALTER TABLE keycloak.fed_user_credential OWNER TO dan_ms_user;

--
-- Name: fed_user_group_membership; Type: TABLE; Schema: keycloak; Owner: dan_ms_user
--

CREATE TABLE keycloak.fed_user_group_membership (
    group_id character varying(36) NOT NULL,
    user_id character varying(255) NOT NULL,
    realm_id character varying(36) NOT NULL,
    storage_provider_id character varying(36)
);


ALTER TABLE keycloak.fed_user_group_membership OWNER TO dan_ms_user;

--
-- Name: fed_user_required_action; Type: TABLE; Schema: keycloak; Owner: dan_ms_user
--

CREATE TABLE keycloak.fed_user_required_action (
    required_action character varying(255) DEFAULT ' '::character varying NOT NULL,
    user_id character varying(255) NOT NULL,
    realm_id character varying(36) NOT NULL,
    storage_provider_id character varying(36)
);


ALTER TABLE keycloak.fed_user_required_action OWNER TO dan_ms_user;

--
-- Name: fed_user_role_mapping; Type: TABLE; Schema: keycloak; Owner: dan_ms_user
--

CREATE TABLE keycloak.fed_user_role_mapping (
    role_id character varying(36) NOT NULL,
    user_id character varying(255) NOT NULL,
    realm_id character varying(36) NOT NULL,
    storage_provider_id character varying(36)
);


ALTER TABLE keycloak.fed_user_role_mapping OWNER TO dan_ms_user;

--
-- Name: federated_identity; Type: TABLE; Schema: keycloak; Owner: dan_ms_user
--

CREATE TABLE keycloak.federated_identity (
    identity_provider character varying(255) NOT NULL,
    realm_id character varying(36),
    federated_user_id character varying(255),
    federated_username character varying(255),
    token text,
    user_id character varying(36) NOT NULL
);


ALTER TABLE keycloak.federated_identity OWNER TO dan_ms_user;

--
-- Name: federated_user; Type: TABLE; Schema: keycloak; Owner: dan_ms_user
--

CREATE TABLE keycloak.federated_user (
    id character varying(255) NOT NULL,
    storage_provider_id character varying(255),
    realm_id character varying(36) NOT NULL
);


ALTER TABLE keycloak.federated_user OWNER TO dan_ms_user;

--
-- Name: group_attribute; Type: TABLE; Schema: keycloak; Owner: dan_ms_user
--

CREATE TABLE keycloak.group_attribute (
    id character varying(36) DEFAULT 'sybase-needs-something-here'::character varying NOT NULL,
    name character varying(255) NOT NULL,
    value character varying(255),
    group_id character varying(36) NOT NULL
);


ALTER TABLE keycloak.group_attribute OWNER TO dan_ms_user;

--
-- Name: group_role_mapping; Type: TABLE; Schema: keycloak; Owner: dan_ms_user
--

CREATE TABLE keycloak.group_role_mapping (
    role_id character varying(36) NOT NULL,
    group_id character varying(36) NOT NULL
);


ALTER TABLE keycloak.group_role_mapping OWNER TO dan_ms_user;

--
-- Name: identity_provider; Type: TABLE; Schema: keycloak; Owner: dan_ms_user
--

CREATE TABLE keycloak.identity_provider (
    internal_id character varying(36) NOT NULL,
    enabled boolean DEFAULT false NOT NULL,
    provider_alias character varying(255),
    provider_id character varying(255),
    store_token boolean DEFAULT false NOT NULL,
    authenticate_by_default boolean DEFAULT false NOT NULL,
    realm_id character varying(36),
    add_token_role boolean DEFAULT true NOT NULL,
    trust_email boolean DEFAULT false NOT NULL,
    first_broker_login_flow_id character varying(36),
    post_broker_login_flow_id character varying(36),
    provider_display_name character varying(255),
    link_only boolean DEFAULT false NOT NULL
);


ALTER TABLE keycloak.identity_provider OWNER TO dan_ms_user;

--
-- Name: identity_provider_config; Type: TABLE; Schema: keycloak; Owner: dan_ms_user
--

CREATE TABLE keycloak.identity_provider_config (
    identity_provider_id character varying(36) NOT NULL,
    value text,
    name character varying(255) NOT NULL
);


ALTER TABLE keycloak.identity_provider_config OWNER TO dan_ms_user;

--
-- Name: identity_provider_mapper; Type: TABLE; Schema: keycloak; Owner: dan_ms_user
--

CREATE TABLE keycloak.identity_provider_mapper (
    id character varying(36) NOT NULL,
    name character varying(255) NOT NULL,
    idp_alias character varying(255) NOT NULL,
    idp_mapper_name character varying(255) NOT NULL,
    realm_id character varying(36) NOT NULL
);


ALTER TABLE keycloak.identity_provider_mapper OWNER TO dan_ms_user;

--
-- Name: idp_mapper_config; Type: TABLE; Schema: keycloak; Owner: dan_ms_user
--

CREATE TABLE keycloak.idp_mapper_config (
    idp_mapper_id character varying(36) NOT NULL,
    value text,
    name character varying(255) NOT NULL
);


ALTER TABLE keycloak.idp_mapper_config OWNER TO dan_ms_user;

--
-- Name: keycloak_group; Type: TABLE; Schema: keycloak; Owner: dan_ms_user
--

CREATE TABLE keycloak.keycloak_group (
    id character varying(36) NOT NULL,
    name character varying(255),
    parent_group character varying(36) NOT NULL,
    realm_id character varying(36)
);


ALTER TABLE keycloak.keycloak_group OWNER TO dan_ms_user;

--
-- Name: keycloak_role; Type: TABLE; Schema: keycloak; Owner: dan_ms_user
--

CREATE TABLE keycloak.keycloak_role (
    id character varying(36) NOT NULL,
    client_realm_constraint character varying(255),
    client_role boolean DEFAULT false NOT NULL,
    description character varying(255),
    name character varying(255),
    realm_id character varying(255),
    client character varying(36),
    realm character varying(36)
);


ALTER TABLE keycloak.keycloak_role OWNER TO dan_ms_user;

--
-- Name: migration_model; Type: TABLE; Schema: keycloak; Owner: dan_ms_user
--

CREATE TABLE keycloak.migration_model (
    id character varying(36) NOT NULL,
    version character varying(36),
    update_time bigint DEFAULT 0 NOT NULL
);


ALTER TABLE keycloak.migration_model OWNER TO dan_ms_user;

--
-- Name: offline_client_session; Type: TABLE; Schema: keycloak; Owner: dan_ms_user
--

CREATE TABLE keycloak.offline_client_session (
    user_session_id character varying(36) NOT NULL,
    client_id character varying(255) NOT NULL,
    offline_flag character varying(4) NOT NULL,
    "timestamp" integer,
    data text,
    client_storage_provider character varying(36) DEFAULT 'local'::character varying NOT NULL,
    external_client_id character varying(255) DEFAULT 'local'::character varying NOT NULL
);


ALTER TABLE keycloak.offline_client_session OWNER TO dan_ms_user;

--
-- Name: offline_user_session; Type: TABLE; Schema: keycloak; Owner: dan_ms_user
--

CREATE TABLE keycloak.offline_user_session (
    user_session_id character varying(36) NOT NULL,
    user_id character varying(255) NOT NULL,
    realm_id character varying(36) NOT NULL,
    created_on integer NOT NULL,
    offline_flag character varying(4) NOT NULL,
    data text,
    last_session_refresh integer DEFAULT 0 NOT NULL
);


ALTER TABLE keycloak.offline_user_session OWNER TO dan_ms_user;

--
-- Name: policy_config; Type: TABLE; Schema: keycloak; Owner: dan_ms_user
--

CREATE TABLE keycloak.policy_config (
    policy_id character varying(36) NOT NULL,
    name character varying(255) NOT NULL,
    value text
);


ALTER TABLE keycloak.policy_config OWNER TO dan_ms_user;

--
-- Name: protocol_mapper; Type: TABLE; Schema: keycloak; Owner: dan_ms_user
--

CREATE TABLE keycloak.protocol_mapper (
    id character varying(36) NOT NULL,
    name character varying(255) NOT NULL,
    protocol character varying(255) NOT NULL,
    protocol_mapper_name character varying(255) NOT NULL,
    client_id character varying(36),
    client_scope_id character varying(36)
);


ALTER TABLE keycloak.protocol_mapper OWNER TO dan_ms_user;

--
-- Name: protocol_mapper_config; Type: TABLE; Schema: keycloak; Owner: dan_ms_user
--

CREATE TABLE keycloak.protocol_mapper_config (
    protocol_mapper_id character varying(36) NOT NULL,
    value text,
    name character varying(255) NOT NULL
);


ALTER TABLE keycloak.protocol_mapper_config OWNER TO dan_ms_user;

--
-- Name: realm; Type: TABLE; Schema: keycloak; Owner: dan_ms_user
--

CREATE TABLE keycloak.realm (
    id character varying(36) NOT NULL,
    access_code_lifespan integer,
    user_action_lifespan integer,
    access_token_lifespan integer,
    account_theme character varying(255),
    admin_theme character varying(255),
    email_theme character varying(255),
    enabled boolean DEFAULT false NOT NULL,
    events_enabled boolean DEFAULT false NOT NULL,
    events_expiration bigint,
    login_theme character varying(255),
    name character varying(255),
    not_before integer,
    password_policy character varying(2550),
    registration_allowed boolean DEFAULT false NOT NULL,
    remember_me boolean DEFAULT false NOT NULL,
    reset_password_allowed boolean DEFAULT false NOT NULL,
    social boolean DEFAULT false NOT NULL,
    ssl_required character varying(255),
    sso_idle_timeout integer,
    sso_max_lifespan integer,
    update_profile_on_soc_login boolean DEFAULT false NOT NULL,
    verify_email boolean DEFAULT false NOT NULL,
    master_admin_client character varying(36),
    login_lifespan integer,
    internationalization_enabled boolean DEFAULT false NOT NULL,
    default_locale character varying(255),
    reg_email_as_username boolean DEFAULT false NOT NULL,
    admin_events_enabled boolean DEFAULT false NOT NULL,
    admin_events_details_enabled boolean DEFAULT false NOT NULL,
    edit_username_allowed boolean DEFAULT false NOT NULL,
    otp_policy_counter integer DEFAULT 0,
    otp_policy_window integer DEFAULT 1,
    otp_policy_period integer DEFAULT 30,
    otp_policy_digits integer DEFAULT 6,
    otp_policy_alg character varying(36) DEFAULT 'HmacSHA1'::character varying,
    otp_policy_type character varying(36) DEFAULT 'totp'::character varying,
    browser_flow character varying(36),
    registration_flow character varying(36),
    direct_grant_flow character varying(36),
    reset_credentials_flow character varying(36),
    client_auth_flow character varying(36),
    offline_session_idle_timeout integer DEFAULT 0,
    revoke_refresh_token boolean DEFAULT false NOT NULL,
    access_token_life_implicit integer DEFAULT 0,
    login_with_email_allowed boolean DEFAULT true NOT NULL,
    duplicate_emails_allowed boolean DEFAULT false NOT NULL,
    docker_auth_flow character varying(36),
    refresh_token_max_reuse integer DEFAULT 0,
    allow_user_managed_access boolean DEFAULT false NOT NULL,
    sso_max_lifespan_remember_me integer DEFAULT 0 NOT NULL,
    sso_idle_timeout_remember_me integer DEFAULT 0 NOT NULL,
    default_role character varying(255)
);


ALTER TABLE keycloak.realm OWNER TO dan_ms_user;

--
-- Name: realm_attribute; Type: TABLE; Schema: keycloak; Owner: dan_ms_user
--

CREATE TABLE keycloak.realm_attribute (
    name character varying(255) NOT NULL,
    realm_id character varying(36) NOT NULL,
    value text
);


ALTER TABLE keycloak.realm_attribute OWNER TO dan_ms_user;

--
-- Name: realm_default_groups; Type: TABLE; Schema: keycloak; Owner: dan_ms_user
--

CREATE TABLE keycloak.realm_default_groups (
    realm_id character varying(36) NOT NULL,
    group_id character varying(36) NOT NULL
);


ALTER TABLE keycloak.realm_default_groups OWNER TO dan_ms_user;

--
-- Name: realm_enabled_event_types; Type: TABLE; Schema: keycloak; Owner: dan_ms_user
--

CREATE TABLE keycloak.realm_enabled_event_types (
    realm_id character varying(36) NOT NULL,
    value character varying(255) NOT NULL
);


ALTER TABLE keycloak.realm_enabled_event_types OWNER TO dan_ms_user;

--
-- Name: realm_events_listeners; Type: TABLE; Schema: keycloak; Owner: dan_ms_user
--

CREATE TABLE keycloak.realm_events_listeners (
    realm_id character varying(36) NOT NULL,
    value character varying(255) NOT NULL
);


ALTER TABLE keycloak.realm_events_listeners OWNER TO dan_ms_user;

--
-- Name: realm_localizations; Type: TABLE; Schema: keycloak; Owner: dan_ms_user
--

CREATE TABLE keycloak.realm_localizations (
    realm_id character varying(255) NOT NULL,
    locale character varying(255) NOT NULL,
    texts text NOT NULL
);


ALTER TABLE keycloak.realm_localizations OWNER TO dan_ms_user;

--
-- Name: realm_required_credential; Type: TABLE; Schema: keycloak; Owner: dan_ms_user
--

CREATE TABLE keycloak.realm_required_credential (
    type character varying(255) NOT NULL,
    form_label character varying(255),
    input boolean DEFAULT false NOT NULL,
    secret boolean DEFAULT false NOT NULL,
    realm_id character varying(36) NOT NULL
);


ALTER TABLE keycloak.realm_required_credential OWNER TO dan_ms_user;

--
-- Name: realm_smtp_config; Type: TABLE; Schema: keycloak; Owner: dan_ms_user
--

CREATE TABLE keycloak.realm_smtp_config (
    realm_id character varying(36) NOT NULL,
    value character varying(255),
    name character varying(255) NOT NULL
);


ALTER TABLE keycloak.realm_smtp_config OWNER TO dan_ms_user;

--
-- Name: realm_supported_locales; Type: TABLE; Schema: keycloak; Owner: dan_ms_user
--

CREATE TABLE keycloak.realm_supported_locales (
    realm_id character varying(36) NOT NULL,
    value character varying(255) NOT NULL
);


ALTER TABLE keycloak.realm_supported_locales OWNER TO dan_ms_user;

--
-- Name: redirect_uris; Type: TABLE; Schema: keycloak; Owner: dan_ms_user
--

CREATE TABLE keycloak.redirect_uris (
    client_id character varying(36) NOT NULL,
    value character varying(255) NOT NULL
);


ALTER TABLE keycloak.redirect_uris OWNER TO dan_ms_user;

--
-- Name: required_action_config; Type: TABLE; Schema: keycloak; Owner: dan_ms_user
--

CREATE TABLE keycloak.required_action_config (
    required_action_id character varying(36) NOT NULL,
    value text,
    name character varying(255) NOT NULL
);


ALTER TABLE keycloak.required_action_config OWNER TO dan_ms_user;

--
-- Name: required_action_provider; Type: TABLE; Schema: keycloak; Owner: dan_ms_user
--

CREATE TABLE keycloak.required_action_provider (
    id character varying(36) NOT NULL,
    alias character varying(255),
    name character varying(255),
    realm_id character varying(36),
    enabled boolean DEFAULT false NOT NULL,
    default_action boolean DEFAULT false NOT NULL,
    provider_id character varying(255),
    priority integer
);


ALTER TABLE keycloak.required_action_provider OWNER TO dan_ms_user;

--
-- Name: resource_attribute; Type: TABLE; Schema: keycloak; Owner: dan_ms_user
--

CREATE TABLE keycloak.resource_attribute (
    id character varying(36) DEFAULT 'sybase-needs-something-here'::character varying NOT NULL,
    name character varying(255) NOT NULL,
    value character varying(255),
    resource_id character varying(36) NOT NULL
);


ALTER TABLE keycloak.resource_attribute OWNER TO dan_ms_user;

--
-- Name: resource_policy; Type: TABLE; Schema: keycloak; Owner: dan_ms_user
--

CREATE TABLE keycloak.resource_policy (
    resource_id character varying(36) NOT NULL,
    policy_id character varying(36) NOT NULL
);


ALTER TABLE keycloak.resource_policy OWNER TO dan_ms_user;

--
-- Name: resource_scope; Type: TABLE; Schema: keycloak; Owner: dan_ms_user
--

CREATE TABLE keycloak.resource_scope (
    resource_id character varying(36) NOT NULL,
    scope_id character varying(36) NOT NULL
);


ALTER TABLE keycloak.resource_scope OWNER TO dan_ms_user;

--
-- Name: resource_server; Type: TABLE; Schema: keycloak; Owner: dan_ms_user
--

CREATE TABLE keycloak.resource_server (
    id character varying(36) NOT NULL,
    allow_rs_remote_mgmt boolean DEFAULT false NOT NULL,
    policy_enforce_mode character varying(15) NOT NULL,
    decision_strategy smallint DEFAULT 1 NOT NULL
);


ALTER TABLE keycloak.resource_server OWNER TO dan_ms_user;

--
-- Name: resource_server_perm_ticket; Type: TABLE; Schema: keycloak; Owner: dan_ms_user
--

CREATE TABLE keycloak.resource_server_perm_ticket (
    id character varying(36) NOT NULL,
    owner character varying(255) NOT NULL,
    requester character varying(255) NOT NULL,
    created_timestamp bigint NOT NULL,
    granted_timestamp bigint,
    resource_id character varying(36) NOT NULL,
    scope_id character varying(36),
    resource_server_id character varying(36) NOT NULL,
    policy_id character varying(36)
);


ALTER TABLE keycloak.resource_server_perm_ticket OWNER TO dan_ms_user;

--
-- Name: resource_server_policy; Type: TABLE; Schema: keycloak; Owner: dan_ms_user
--

CREATE TABLE keycloak.resource_server_policy (
    id character varying(36) NOT NULL,
    name character varying(255) NOT NULL,
    description character varying(255),
    type character varying(255) NOT NULL,
    decision_strategy character varying(20),
    logic character varying(20),
    resource_server_id character varying(36) NOT NULL,
    owner character varying(255)
);


ALTER TABLE keycloak.resource_server_policy OWNER TO dan_ms_user;

--
-- Name: resource_server_resource; Type: TABLE; Schema: keycloak; Owner: dan_ms_user
--

CREATE TABLE keycloak.resource_server_resource (
    id character varying(36) NOT NULL,
    name character varying(255) NOT NULL,
    type character varying(255),
    icon_uri character varying(255),
    owner character varying(255) NOT NULL,
    resource_server_id character varying(36) NOT NULL,
    owner_managed_access boolean DEFAULT false NOT NULL,
    display_name character varying(255)
);


ALTER TABLE keycloak.resource_server_resource OWNER TO dan_ms_user;

--
-- Name: resource_server_scope; Type: TABLE; Schema: keycloak; Owner: dan_ms_user
--

CREATE TABLE keycloak.resource_server_scope (
    id character varying(36) NOT NULL,
    name character varying(255) NOT NULL,
    icon_uri character varying(255),
    resource_server_id character varying(36) NOT NULL,
    display_name character varying(255)
);


ALTER TABLE keycloak.resource_server_scope OWNER TO dan_ms_user;

--
-- Name: resource_uris; Type: TABLE; Schema: keycloak; Owner: dan_ms_user
--

CREATE TABLE keycloak.resource_uris (
    resource_id character varying(36) NOT NULL,
    value character varying(255) NOT NULL
);


ALTER TABLE keycloak.resource_uris OWNER TO dan_ms_user;

--
-- Name: role_attribute; Type: TABLE; Schema: keycloak; Owner: dan_ms_user
--

CREATE TABLE keycloak.role_attribute (
    id character varying(36) NOT NULL,
    role_id character varying(36) NOT NULL,
    name character varying(255) NOT NULL,
    value character varying(255)
);


ALTER TABLE keycloak.role_attribute OWNER TO dan_ms_user;

--
-- Name: scope_mapping; Type: TABLE; Schema: keycloak; Owner: dan_ms_user
--

CREATE TABLE keycloak.scope_mapping (
    client_id character varying(36) NOT NULL,
    role_id character varying(36) NOT NULL
);


ALTER TABLE keycloak.scope_mapping OWNER TO dan_ms_user;

--
-- Name: scope_policy; Type: TABLE; Schema: keycloak; Owner: dan_ms_user
--

CREATE TABLE keycloak.scope_policy (
    scope_id character varying(36) NOT NULL,
    policy_id character varying(36) NOT NULL
);


ALTER TABLE keycloak.scope_policy OWNER TO dan_ms_user;

--
-- Name: user_attribute; Type: TABLE; Schema: keycloak; Owner: dan_ms_user
--

CREATE TABLE keycloak.user_attribute (
    name character varying(255) NOT NULL,
    value character varying(255),
    user_id character varying(36) NOT NULL,
    id character varying(36) DEFAULT 'sybase-needs-something-here'::character varying NOT NULL
);


ALTER TABLE keycloak.user_attribute OWNER TO dan_ms_user;

--
-- Name: user_consent; Type: TABLE; Schema: keycloak; Owner: dan_ms_user
--

CREATE TABLE keycloak.user_consent (
    id character varying(36) NOT NULL,
    client_id character varying(255),
    user_id character varying(36) NOT NULL,
    created_date bigint,
    last_updated_date bigint,
    client_storage_provider character varying(36),
    external_client_id character varying(255)
);


ALTER TABLE keycloak.user_consent OWNER TO dan_ms_user;

--
-- Name: user_consent_client_scope; Type: TABLE; Schema: keycloak; Owner: dan_ms_user
--

CREATE TABLE keycloak.user_consent_client_scope (
    user_consent_id character varying(36) NOT NULL,
    scope_id character varying(36) NOT NULL
);


ALTER TABLE keycloak.user_consent_client_scope OWNER TO dan_ms_user;

--
-- Name: user_entity; Type: TABLE; Schema: keycloak; Owner: dan_ms_user
--

CREATE TABLE keycloak.user_entity (
    id character varying(36) NOT NULL,
    email character varying(255),
    email_constraint character varying(255),
    email_verified boolean DEFAULT false NOT NULL,
    enabled boolean DEFAULT false NOT NULL,
    federation_link character varying(255),
    first_name character varying(255),
    last_name character varying(255),
    realm_id character varying(255),
    username character varying(255),
    created_timestamp bigint,
    service_account_client_link character varying(255),
    not_before integer DEFAULT 0 NOT NULL
);


ALTER TABLE keycloak.user_entity OWNER TO dan_ms_user;

--
-- Name: user_federation_config; Type: TABLE; Schema: keycloak; Owner: dan_ms_user
--

CREATE TABLE keycloak.user_federation_config (
    user_federation_provider_id character varying(36) NOT NULL,
    value character varying(255),
    name character varying(255) NOT NULL
);


ALTER TABLE keycloak.user_federation_config OWNER TO dan_ms_user;

--
-- Name: user_federation_mapper; Type: TABLE; Schema: keycloak; Owner: dan_ms_user
--

CREATE TABLE keycloak.user_federation_mapper (
    id character varying(36) NOT NULL,
    name character varying(255) NOT NULL,
    federation_provider_id character varying(36) NOT NULL,
    federation_mapper_type character varying(255) NOT NULL,
    realm_id character varying(36) NOT NULL
);


ALTER TABLE keycloak.user_federation_mapper OWNER TO dan_ms_user;

--
-- Name: user_federation_mapper_config; Type: TABLE; Schema: keycloak; Owner: dan_ms_user
--

CREATE TABLE keycloak.user_federation_mapper_config (
    user_federation_mapper_id character varying(36) NOT NULL,
    value character varying(255),
    name character varying(255) NOT NULL
);


ALTER TABLE keycloak.user_federation_mapper_config OWNER TO dan_ms_user;

--
-- Name: user_federation_provider; Type: TABLE; Schema: keycloak; Owner: dan_ms_user
--

CREATE TABLE keycloak.user_federation_provider (
    id character varying(36) NOT NULL,
    changed_sync_period integer,
    display_name character varying(255),
    full_sync_period integer,
    last_sync integer,
    priority integer,
    provider_name character varying(255),
    realm_id character varying(36)
);


ALTER TABLE keycloak.user_federation_provider OWNER TO dan_ms_user;

--
-- Name: user_group_membership; Type: TABLE; Schema: keycloak; Owner: dan_ms_user
--

CREATE TABLE keycloak.user_group_membership (
    group_id character varying(36) NOT NULL,
    user_id character varying(36) NOT NULL
);


ALTER TABLE keycloak.user_group_membership OWNER TO dan_ms_user;

--
-- Name: user_required_action; Type: TABLE; Schema: keycloak; Owner: dan_ms_user
--

CREATE TABLE keycloak.user_required_action (
    user_id character varying(36) NOT NULL,
    required_action character varying(255) DEFAULT ' '::character varying NOT NULL
);


ALTER TABLE keycloak.user_required_action OWNER TO dan_ms_user;

--
-- Name: user_role_mapping; Type: TABLE; Schema: keycloak; Owner: dan_ms_user
--

CREATE TABLE keycloak.user_role_mapping (
    role_id character varying(255) NOT NULL,
    user_id character varying(36) NOT NULL
);


ALTER TABLE keycloak.user_role_mapping OWNER TO dan_ms_user;

--
-- Name: user_session; Type: TABLE; Schema: keycloak; Owner: dan_ms_user
--

CREATE TABLE keycloak.user_session (
    id character varying(36) NOT NULL,
    auth_method character varying(255),
    ip_address character varying(255),
    last_session_refresh integer,
    login_username character varying(255),
    realm_id character varying(255),
    remember_me boolean DEFAULT false NOT NULL,
    started integer,
    user_id character varying(255),
    user_session_state integer,
    broker_session_id character varying(255),
    broker_user_id character varying(255)
);


ALTER TABLE keycloak.user_session OWNER TO dan_ms_user;

--
-- Name: user_session_note; Type: TABLE; Schema: keycloak; Owner: dan_ms_user
--

CREATE TABLE keycloak.user_session_note (
    user_session character varying(36) NOT NULL,
    name character varying(255) NOT NULL,
    value character varying(2048)
);


ALTER TABLE keycloak.user_session_note OWNER TO dan_ms_user;

--
-- Name: username_login_failure; Type: TABLE; Schema: keycloak; Owner: dan_ms_user
--

CREATE TABLE keycloak.username_login_failure (
    realm_id character varying(36) NOT NULL,
    username character varying(255) NOT NULL,
    failed_login_not_before integer,
    last_failure bigint,
    last_ip_failure character varying(255),
    num_failures integer
);


ALTER TABLE keycloak.username_login_failure OWNER TO dan_ms_user;

--
-- Name: web_origins; Type: TABLE; Schema: keycloak; Owner: dan_ms_user
--

CREATE TABLE keycloak.web_origins (
    client_id character varying(36) NOT NULL,
    value character varying(255) NOT NULL
);


ALTER TABLE keycloak.web_origins OWNER TO dan_ms_user;

--
-- Name: camion; Type: TABLE; Schema: ms_envio; Owner: dan_ms_user
--

CREATE TABLE ms_envio.camion (
    id bigint NOT NULL,
    capacidad numeric(19,2),
    chofer character varying(255),
    dominio character varying(255),
    marca character varying(255),
    modelo character varying(255),
    id_estado bigint
);


ALTER TABLE ms_envio.camion OWNER TO dan_ms_user;

--
-- Name: envio; Type: TABLE; Schema: ms_envio; Owner: dan_ms_user
--

CREATE TABLE ms_envio.envio (
    id bigint NOT NULL,
    id_camion bigint,
    id_remito bigint
);


ALTER TABLE ms_envio.envio OWNER TO dan_ms_user;

--
-- Name: estado_camion; Type: TABLE; Schema: ms_envio; Owner: dan_ms_user
--

CREATE TABLE ms_envio.estado_camion (
    id bigint NOT NULL,
    estado character varying(255)
);


ALTER TABLE ms_envio.estado_camion OWNER TO dan_ms_user;

--
-- Name: remito; Type: TABLE; Schema: ms_envio; Owner: dan_ms_user
--

CREATE TABLE ms_envio.remito (
    id bigint NOT NULL,
    numero bigint
);


ALTER TABLE ms_envio.remito OWNER TO dan_ms_user;

--
-- Name: secuencia_camion; Type: SEQUENCE; Schema: ms_envio; Owner: dan_ms_user
--

CREATE SEQUENCE ms_envio.secuencia_camion
    START WITH 1
    INCREMENT BY 1
    NO MINVALUE
    NO MAXVALUE
    CACHE 1;


ALTER TABLE ms_envio.secuencia_camion OWNER TO dan_ms_user;

--
-- Name: secuencia_envio; Type: SEQUENCE; Schema: ms_envio; Owner: dan_ms_user
--

CREATE SEQUENCE ms_envio.secuencia_envio
    START WITH 1
    INCREMENT BY 1
    NO MINVALUE
    NO MAXVALUE
    CACHE 1;


ALTER TABLE ms_envio.secuencia_envio OWNER TO dan_ms_user;

--
-- Name: secuencia_remito; Type: SEQUENCE; Schema: ms_envio; Owner: dan_ms_user
--

CREATE SEQUENCE ms_envio.secuencia_remito
    START WITH 1
    INCREMENT BY 1
    NO MINVALUE
    NO MAXVALUE
    CACHE 1;


ALTER TABLE ms_envio.secuencia_remito OWNER TO dan_ms_user;

--
-- Name: detalle_provision; Type: TABLE; Schema: ms_material; Owner: dan_ms_user
--

CREATE TABLE ms_material.detalle_provision (
    id integer NOT NULL,
    cantidad numeric(19,2),
    id_material bigint,
    id_provision bigint
);


ALTER TABLE ms_material.detalle_provision OWNER TO dan_ms_user;

--
-- Name: material; Type: TABLE; Schema: ms_material; Owner: dan_ms_user
--

CREATE TABLE ms_material.material (
    id bigint NOT NULL,
    cantidad_minima numeric(19,2),
    descripcion character varying(255),
    descuento_cantidad numeric(19,2),
    nombre character varying(255),
    precio_unitario numeric(19,2),
    stock_actual numeric(19,2),
    stock_minimo numeric(19,2),
    id_unidad bigint
);


ALTER TABLE ms_material.material OWNER TO dan_ms_user;

--
-- Name: movimiento_stock; Type: TABLE; Schema: ms_material; Owner: dan_ms_user
--

CREATE TABLE ms_material.movimiento_stock (
    id bigint NOT NULL,
    cantidad_entrada numeric(19,2),
    cantidad_salida numeric(19,2),
    fecha timestamp without time zone,
    id_detalle_pedido bigint,
    id_detalle_provision integer,
    id_material bigint
);


ALTER TABLE ms_material.movimiento_stock OWNER TO dan_ms_user;

--
-- Name: provision; Type: TABLE; Schema: ms_material; Owner: dan_ms_user
--

CREATE TABLE ms_material.provision (
    id bigint NOT NULL,
    fecha_provision timestamp without time zone
);


ALTER TABLE ms_material.provision OWNER TO dan_ms_user;

--
-- Name: secuencia_detalle_provision; Type: SEQUENCE; Schema: ms_material; Owner: dan_ms_user
--

CREATE SEQUENCE ms_material.secuencia_detalle_provision
    START WITH 1
    INCREMENT BY 1
    NO MINVALUE
    NO MAXVALUE
    CACHE 1;


ALTER TABLE ms_material.secuencia_detalle_provision OWNER TO dan_ms_user;

--
-- Name: secuencia_material; Type: SEQUENCE; Schema: ms_material; Owner: dan_ms_user
--

CREATE SEQUENCE ms_material.secuencia_material
    START WITH 1
    INCREMENT BY 1
    NO MINVALUE
    NO MAXVALUE
    CACHE 1;


ALTER TABLE ms_material.secuencia_material OWNER TO dan_ms_user;

--
-- Name: secuencia_movimiento_stock; Type: SEQUENCE; Schema: ms_material; Owner: dan_ms_user
--

CREATE SEQUENCE ms_material.secuencia_movimiento_stock
    START WITH 1
    INCREMENT BY 1
    NO MINVALUE
    NO MAXVALUE
    CACHE 1;


ALTER TABLE ms_material.secuencia_movimiento_stock OWNER TO dan_ms_user;

--
-- Name: secuencia_provision; Type: SEQUENCE; Schema: ms_material; Owner: dan_ms_user
--

CREATE SEQUENCE ms_material.secuencia_provision
    START WITH 1
    INCREMENT BY 1
    NO MINVALUE
    NO MAXVALUE
    CACHE 1;


ALTER TABLE ms_material.secuencia_provision OWNER TO dan_ms_user;

--
-- Name: unidad; Type: TABLE; Schema: ms_material; Owner: dan_ms_user
--

CREATE TABLE ms_material.unidad (
    id bigint NOT NULL,
    descripcion character varying(255)
);


ALTER TABLE ms_material.unidad OWNER TO dan_ms_user;

--
-- Name: cheque; Type: TABLE; Schema: ms_pago; Owner: dan_ms_user
--

CREATE TABLE ms_pago.cheque (
    banco character varying(255),
    fecha_cobro timestamp without time zone,
    numero_cheque integer,
    id bigint NOT NULL
);


ALTER TABLE ms_pago.cheque OWNER TO dan_ms_user;

--
-- Name: efectivo; Type: TABLE; Schema: ms_pago; Owner: dan_ms_user
--

CREATE TABLE ms_pago.efectivo (
    numero_recibo integer,
    id bigint NOT NULL
);


ALTER TABLE ms_pago.efectivo OWNER TO dan_ms_user;

--
-- Name: medio_pago; Type: TABLE; Schema: ms_pago; Owner: dan_ms_user
--

CREATE TABLE ms_pago.medio_pago (
    id bigint NOT NULL,
    observacion character varying(255)
);


ALTER TABLE ms_pago.medio_pago OWNER TO dan_ms_user;

--
-- Name: pago; Type: TABLE; Schema: ms_pago; Owner: dan_ms_user
--

CREATE TABLE ms_pago.pago (
    id bigint NOT NULL,
    fecha_pago timestamp without time zone,
    id_cliente bigint,
    id_medio bigint
);


ALTER TABLE ms_pago.pago OWNER TO dan_ms_user;

--
-- Name: secuencia_medio_pago; Type: SEQUENCE; Schema: ms_pago; Owner: dan_ms_user
--

CREATE SEQUENCE ms_pago.secuencia_medio_pago
    START WITH 1
    INCREMENT BY 1
    NO MINVALUE
    NO MAXVALUE
    CACHE 1;


ALTER TABLE ms_pago.secuencia_medio_pago OWNER TO dan_ms_user;

--
-- Name: secuencia_pago; Type: SEQUENCE; Schema: ms_pago; Owner: dan_ms_user
--

CREATE SEQUENCE ms_pago.secuencia_pago
    START WITH 1
    INCREMENT BY 1
    NO MINVALUE
    NO MAXVALUE
    CACHE 1;


ALTER TABLE ms_pago.secuencia_pago OWNER TO dan_ms_user;

--
-- Name: transferencia; Type: TABLE; Schema: ms_pago; Owner: dan_ms_user
--

CREATE TABLE ms_pago.transferencia (
    cbu_destino character varying(255),
    cbu_origen character varying(255),
    codigo_transferencia bigint,
    id bigint NOT NULL
);


ALTER TABLE ms_pago.transferencia OWNER TO dan_ms_user;

--
-- Name: detalle_pedido; Type: TABLE; Schema: ms_pedido; Owner: dan_ms_user
--

CREATE TABLE ms_pedido.detalle_pedido (
    id bigint NOT NULL,
    cantidad numeric(19,2),
    precio numeric(19,2),
    id_material bigint,
    id_pedido bigint
);


ALTER TABLE ms_pedido.detalle_pedido OWNER TO dan_ms_user;

--
-- Name: estado_pedido; Type: TABLE; Schema: ms_pedido; Owner: dan_ms_user
--

CREATE TABLE ms_pedido.estado_pedido (
    id bigint NOT NULL,
    estado character varying(255)
);


ALTER TABLE ms_pedido.estado_pedido OWNER TO dan_ms_user;

--
-- Name: pedido; Type: TABLE; Schema: ms_pedido; Owner: dan_ms_user
--

CREATE TABLE ms_pedido.pedido (
    id bigint NOT NULL,
    fecha_envio timestamp without time zone,
    fecha_pedido timestamp without time zone,
    id_envio bigint,
    id_estado bigint,
    id_obra bigint
);


ALTER TABLE ms_pedido.pedido OWNER TO dan_ms_user;

--
-- Name: secuencia_detalle_pedido; Type: SEQUENCE; Schema: ms_pedido; Owner: dan_ms_user
--

CREATE SEQUENCE ms_pedido.secuencia_detalle_pedido
    START WITH 1
    INCREMENT BY 1
    NO MINVALUE
    NO MAXVALUE
    CACHE 1;


ALTER TABLE ms_pedido.secuencia_detalle_pedido OWNER TO dan_ms_user;

--
-- Name: secuencia_pedido; Type: SEQUENCE; Schema: ms_pedido; Owner: dan_ms_user
--

CREATE SEQUENCE ms_pedido.secuencia_pedido
    START WITH 1
    INCREMENT BY 1
    NO MINVALUE
    NO MAXVALUE
    CACHE 1;


ALTER TABLE ms_pedido.secuencia_pedido OWNER TO dan_ms_user;

--
-- Name: cliente; Type: TABLE; Schema: ms_usuario; Owner: dan_ms_user
--

CREATE TABLE ms_usuario.cliente (
    id bigint NOT NULL,
    cuit character varying(255),
    email character varying(255),
    fecha_baja timestamp without time zone,
    habilitado_online boolean,
    maximo_cuenta_corriente numeric(19,2),
    razon_social character varying(255),
    id_usuario bigint
);


ALTER TABLE ms_usuario.cliente OWNER TO dan_ms_user;

--
-- Name: empleado; Type: TABLE; Schema: ms_usuario; Owner: dan_ms_user
--

CREATE TABLE ms_usuario.empleado (
    id bigint NOT NULL,
    apellido character varying(255),
    email character varying(255),
    nombre character varying(255),
    id_usuario bigint
);


ALTER TABLE ms_usuario.empleado OWNER TO dan_ms_user;

--
-- Name: obra; Type: TABLE; Schema: ms_usuario; Owner: dan_ms_user
--

CREATE TABLE ms_usuario.obra (
    id bigint NOT NULL,
    descripcion character varying(255),
    direccion character varying(255),
    latitud numeric(19,2),
    longitud numeric(19,2),
    superficie numeric(19,2),
    id_cliente bigint,
    id_tipo_obra bigint
);


ALTER TABLE ms_usuario.obra OWNER TO dan_ms_user;

--
-- Name: secuencia_cliente; Type: SEQUENCE; Schema: ms_usuario; Owner: dan_ms_user
--

CREATE SEQUENCE ms_usuario.secuencia_cliente
    START WITH 1
    INCREMENT BY 1
    NO MINVALUE
    NO MAXVALUE
    CACHE 1;


ALTER TABLE ms_usuario.secuencia_cliente OWNER TO dan_ms_user;

--
-- Name: secuencia_empleado; Type: SEQUENCE; Schema: ms_usuario; Owner: dan_ms_user
--

CREATE SEQUENCE ms_usuario.secuencia_empleado
    START WITH 1
    INCREMENT BY 1
    NO MINVALUE
    NO MAXVALUE
    CACHE 1;


ALTER TABLE ms_usuario.secuencia_empleado OWNER TO dan_ms_user;

--
-- Name: secuencia_obra; Type: SEQUENCE; Schema: ms_usuario; Owner: dan_ms_user
--

CREATE SEQUENCE ms_usuario.secuencia_obra
    START WITH 1
    INCREMENT BY 1
    NO MINVALUE
    NO MAXVALUE
    CACHE 1;


ALTER TABLE ms_usuario.secuencia_obra OWNER TO dan_ms_user;

--
-- Name: secuencia_usuario; Type: SEQUENCE; Schema: ms_usuario; Owner: dan_ms_user
--

CREATE SEQUENCE ms_usuario.secuencia_usuario
    START WITH 1
    INCREMENT BY 1
    NO MINVALUE
    NO MAXVALUE
    CACHE 1;


ALTER TABLE ms_usuario.secuencia_usuario OWNER TO dan_ms_user;

--
-- Name: tipo_obra; Type: TABLE; Schema: ms_usuario; Owner: dan_ms_user
--

CREATE TABLE ms_usuario.tipo_obra (
    id bigint NOT NULL,
    tipo character varying(255)
);


ALTER TABLE ms_usuario.tipo_obra OWNER TO dan_ms_user;

--
-- Name: tipo_usuario; Type: TABLE; Schema: ms_usuario; Owner: dan_ms_user
--

CREATE TABLE ms_usuario.tipo_usuario (
    id bigint NOT NULL,
    tipo character varying(255)
);


ALTER TABLE ms_usuario.tipo_usuario OWNER TO dan_ms_user;

--
-- Name: usuario; Type: TABLE; Schema: ms_usuario; Owner: dan_ms_user
--

CREATE TABLE ms_usuario.usuario (
    id bigint NOT NULL,
    clave character varying(255),
    nombre character varying(255),
    id_tipo_usuario bigint
);


ALTER TABLE ms_usuario.usuario OWNER TO dan_ms_user;

--
-- Data for Name: admin_event_entity; Type: TABLE DATA; Schema: keycloak; Owner: dan_ms_user
--

COPY keycloak.admin_event_entity (id, admin_event_time, realm_id, operation_type, auth_realm_id, auth_client_id, auth_user_id, ip_address, resource_path, representation, error, resource_type) FROM stdin;
\.


--
-- Data for Name: associated_policy; Type: TABLE DATA; Schema: keycloak; Owner: dan_ms_user
--

COPY keycloak.associated_policy (policy_id, associated_policy_id) FROM stdin;
\.


--
-- Data for Name: authentication_execution; Type: TABLE DATA; Schema: keycloak; Owner: dan_ms_user
--

COPY keycloak.authentication_execution (id, alias, authenticator, realm_id, flow_id, requirement, priority, authenticator_flow, auth_flow_id, auth_config) FROM stdin;
2054b7fd-2544-4078-875e-443d8be4f044	\N	auth-cookie	master	dd9348e2-e5fb-46f4-9db6-012f3530ba88	2	10	f	\N	\N
a2e9fb9b-fe8c-48ec-ac02-b21610fb240c	\N	auth-spnego	master	dd9348e2-e5fb-46f4-9db6-012f3530ba88	3	20	f	\N	\N
bd8b9ed9-5497-4c07-a350-3f82031c6aa9	\N	identity-provider-redirector	master	dd9348e2-e5fb-46f4-9db6-012f3530ba88	2	25	f	\N	\N
21c2306f-1337-4ae2-9b19-48b8487b8805	\N	\N	master	dd9348e2-e5fb-46f4-9db6-012f3530ba88	2	30	t	7465293d-a57b-4959-840c-e88c0376aab9	\N
4e44aceb-3ff3-483f-8cb8-e1d8623cae62	\N	auth-username-password-form	master	7465293d-a57b-4959-840c-e88c0376aab9	0	10	f	\N	\N
ce09b98e-836b-4d06-80a1-71094539551f	\N	\N	master	7465293d-a57b-4959-840c-e88c0376aab9	1	20	t	33da7c3f-f076-4d18-9fdb-b32220f3616f	\N
7fd0be2c-f05d-43a9-ae08-3e064a90d85d	\N	conditional-user-configured	master	33da7c3f-f076-4d18-9fdb-b32220f3616f	0	10	f	\N	\N
0b4f4bfc-9c19-4dcd-9da2-bea9db6b6fe7	\N	auth-otp-form	master	33da7c3f-f076-4d18-9fdb-b32220f3616f	0	20	f	\N	\N
44427051-aef9-4b19-9515-3e7db8011ada	\N	direct-grant-validate-username	master	b593c04d-4f34-44e6-984a-e9748d7cebb4	0	10	f	\N	\N
3c20739b-bc5c-43fb-9e15-3596eb0a288c	\N	direct-grant-validate-password	master	b593c04d-4f34-44e6-984a-e9748d7cebb4	0	20	f	\N	\N
84a80eb5-f9cf-47d3-957b-782ccde9f3ee	\N	\N	master	b593c04d-4f34-44e6-984a-e9748d7cebb4	1	30	t	188dc603-3ca8-4d9a-bfc4-8d2385f7ca79	\N
8093d426-5a7c-42c1-88e6-b2d08931539d	\N	conditional-user-configured	master	188dc603-3ca8-4d9a-bfc4-8d2385f7ca79	0	10	f	\N	\N
cd8cd4b5-4460-4b24-b603-eb8ea39325dd	\N	direct-grant-validate-otp	master	188dc603-3ca8-4d9a-bfc4-8d2385f7ca79	0	20	f	\N	\N
e2911f40-fc2e-4657-a783-526f52d3d56b	\N	registration-page-form	master	358178c3-56d5-47be-9b71-87be9b79c002	0	10	t	b36cdeca-902d-4202-9ac1-d1c499d10024	\N
f6a3849e-5fb2-4baf-8240-f9326d29dc4b	\N	registration-user-creation	master	b36cdeca-902d-4202-9ac1-d1c499d10024	0	20	f	\N	\N
5336f102-f65e-49d6-9bc7-37646031851b	\N	registration-profile-action	master	b36cdeca-902d-4202-9ac1-d1c499d10024	0	40	f	\N	\N
4c6a0be7-641c-4f1f-a789-8f009e064e0a	\N	registration-password-action	master	b36cdeca-902d-4202-9ac1-d1c499d10024	0	50	f	\N	\N
00caae69-7759-4e59-8c43-f17452dd6bc5	\N	registration-recaptcha-action	master	b36cdeca-902d-4202-9ac1-d1c499d10024	3	60	f	\N	\N
14f377da-a760-40d8-abda-4808dc693f5f	\N	reset-credentials-choose-user	master	7320ed6f-96e5-4af5-ad81-1c58add91c21	0	10	f	\N	\N
cf19921c-84f3-45a5-ab14-2acd185b6a04	\N	reset-credential-email	master	7320ed6f-96e5-4af5-ad81-1c58add91c21	0	20	f	\N	\N
cd9985e4-62fd-43ca-bc3e-7c5b881be2d4	\N	reset-password	master	7320ed6f-96e5-4af5-ad81-1c58add91c21	0	30	f	\N	\N
d792a66a-7d1e-4289-9524-d73c7d3bdf56	\N	\N	master	7320ed6f-96e5-4af5-ad81-1c58add91c21	1	40	t	1125c1bc-2ce6-4001-bb6f-da75ebccc0d1	\N
a47be12b-1edc-4c67-ac50-1ef4e23905cb	\N	conditional-user-configured	master	1125c1bc-2ce6-4001-bb6f-da75ebccc0d1	0	10	f	\N	\N
cdafc7cd-99a7-4f51-b0ad-f2ae9e3f005a	\N	reset-otp	master	1125c1bc-2ce6-4001-bb6f-da75ebccc0d1	0	20	f	\N	\N
caac0180-d1fd-408c-b0ab-f6c3bf6ddc88	\N	client-secret	master	81b2041b-44be-4996-93ce-f11f1420c2ca	2	10	f	\N	\N
b856655a-effb-4e50-a97e-1753caabbc23	\N	client-jwt	master	81b2041b-44be-4996-93ce-f11f1420c2ca	2	20	f	\N	\N
bced3280-4eca-4f5e-982a-0855ba7e3486	\N	client-secret-jwt	master	81b2041b-44be-4996-93ce-f11f1420c2ca	2	30	f	\N	\N
11b26666-808d-4d67-a0b0-f7ad391482bb	\N	client-x509	master	81b2041b-44be-4996-93ce-f11f1420c2ca	2	40	f	\N	\N
92ba08a2-ee28-4803-98de-4aeabd588e09	\N	idp-review-profile	master	8b2fa2e0-5d9e-439c-a084-911083beaa87	0	10	f	\N	439d3ae1-cf5d-4670-ab81-4c89d1dbb8dc
93651386-49eb-467e-8fd9-5dd1e38d38ff	\N	\N	master	8b2fa2e0-5d9e-439c-a084-911083beaa87	0	20	t	9a1bb819-a3cf-4174-99cb-004a03e29928	\N
c3479da0-9172-4683-9069-1ff30ae6da4d	\N	idp-create-user-if-unique	master	9a1bb819-a3cf-4174-99cb-004a03e29928	2	10	f	\N	4d1a759e-612d-4768-a7f8-d7815c011e79
0c0f7155-dade-4b7b-a3be-5845a13fe64d	\N	\N	master	9a1bb819-a3cf-4174-99cb-004a03e29928	2	20	t	d5ed9634-6d57-4266-8036-dcfa54645de0	\N
e69a2f33-340d-4041-9841-279acefdb43d	\N	idp-confirm-link	master	d5ed9634-6d57-4266-8036-dcfa54645de0	0	10	f	\N	\N
f0cefa5e-fc31-4174-ae62-0b65e7a5511c	\N	\N	master	d5ed9634-6d57-4266-8036-dcfa54645de0	0	20	t	f7964b37-b345-4646-8ec8-3a2d8c42f8bf	\N
a2403907-231a-48ba-b988-4229de3019e8	\N	idp-email-verification	master	f7964b37-b345-4646-8ec8-3a2d8c42f8bf	2	10	f	\N	\N
68555dac-74f1-469c-80c4-57c186aa2fcb	\N	\N	master	f7964b37-b345-4646-8ec8-3a2d8c42f8bf	2	20	t	622af3cb-0842-4e92-8205-af1b4ca34e88	\N
f57f13ac-aed2-4386-a910-eea314de7332	\N	idp-username-password-form	master	622af3cb-0842-4e92-8205-af1b4ca34e88	0	10	f	\N	\N
3aea3e59-79de-4756-8013-79cd49e4f6c4	\N	\N	master	622af3cb-0842-4e92-8205-af1b4ca34e88	1	20	t	519acda6-cbdb-424e-b877-f38b7b674cc2	\N
bd809427-2f36-4952-b28d-7e9b5f1d38c2	\N	conditional-user-configured	master	519acda6-cbdb-424e-b877-f38b7b674cc2	0	10	f	\N	\N
15c9254b-db87-40af-a56e-7f8067befd9f	\N	auth-otp-form	master	519acda6-cbdb-424e-b877-f38b7b674cc2	0	20	f	\N	\N
76a9e4ad-fc9d-45d9-b72f-302df7d8590d	\N	http-basic-authenticator	master	5c8bacea-167b-472f-9b38-92b160bbeec5	0	10	f	\N	\N
a72021ef-3da2-4c47-81ea-2dd031c1a933	\N	docker-http-basic-authenticator	master	4b3fe5a9-5703-480f-bb1b-72bc8eace7f6	0	10	f	\N	\N
251e79e3-be17-4bc9-ac56-4986f19ab018	\N	no-cookie-redirect	master	d492eb6d-c9c8-4d32-8408-6149ec22d9e4	0	10	f	\N	\N
fdfce894-dd61-43d6-b178-0abb16861b1f	\N	\N	master	d492eb6d-c9c8-4d32-8408-6149ec22d9e4	0	20	t	ae220d64-6a23-4519-a9d4-25a318eb3081	\N
9d33296b-0046-4d23-86bd-60e1bcee4323	\N	basic-auth	master	ae220d64-6a23-4519-a9d4-25a318eb3081	0	10	f	\N	\N
fb4c0e9c-f08d-4ee9-8044-0d19a2217832	\N	basic-auth-otp	master	ae220d64-6a23-4519-a9d4-25a318eb3081	3	20	f	\N	\N
2294f13a-f17e-4b27-8d52-e30ee79d524e	\N	auth-spnego	master	ae220d64-6a23-4519-a9d4-25a318eb3081	3	30	f	\N	\N
06dbecc3-36c5-4c78-bed7-ad7b4933dd3c	\N	auth-cookie	dan	5be3e0b0-6e6d-4f93-8e12-0f125cbfcab8	2	10	f	\N	\N
3449f8ba-a17a-44a4-a2ad-ac2221b64208	\N	auth-spnego	dan	5be3e0b0-6e6d-4f93-8e12-0f125cbfcab8	3	20	f	\N	\N
d7dc109a-4c61-49ab-8ed8-4784591b2aa8	\N	identity-provider-redirector	dan	5be3e0b0-6e6d-4f93-8e12-0f125cbfcab8	2	25	f	\N	\N
3350bb00-6ea1-44db-929d-2af92fe546e3	\N	\N	dan	5be3e0b0-6e6d-4f93-8e12-0f125cbfcab8	2	30	t	c06a6495-c4e0-4d49-ad31-7c339bbc87e6	\N
5892b0ad-f084-47d0-8af8-df8a0a594a59	\N	auth-username-password-form	dan	c06a6495-c4e0-4d49-ad31-7c339bbc87e6	0	10	f	\N	\N
f6122d7e-965a-4a69-8b89-c7edad7762b4	\N	\N	dan	c06a6495-c4e0-4d49-ad31-7c339bbc87e6	1	20	t	cab5293b-f316-460d-b014-3ba08d389b4a	\N
b6380a32-9f44-4ce8-be07-299703c5507d	\N	conditional-user-configured	dan	cab5293b-f316-460d-b014-3ba08d389b4a	0	10	f	\N	\N
7d5d29dc-4e6b-4e74-9a8c-1e40dba1067b	\N	auth-otp-form	dan	cab5293b-f316-460d-b014-3ba08d389b4a	0	20	f	\N	\N
6f97ca2d-01d0-4d18-bc49-4e87ca354671	\N	direct-grant-validate-username	dan	409a53b7-3a4f-4711-b202-cdd0547bc01d	0	10	f	\N	\N
cc94aa43-d1ea-4099-89a1-10de5e745e4f	\N	direct-grant-validate-password	dan	409a53b7-3a4f-4711-b202-cdd0547bc01d	0	20	f	\N	\N
84f3fb9a-e5bb-44ca-bf7d-38243423e1fc	\N	\N	dan	409a53b7-3a4f-4711-b202-cdd0547bc01d	1	30	t	f0ddc43e-2f57-4b69-985f-08878bd6c46c	\N
e74d7518-dcab-4325-8235-7651f745cec0	\N	conditional-user-configured	dan	f0ddc43e-2f57-4b69-985f-08878bd6c46c	0	10	f	\N	\N
1898d4e7-33ce-4ecf-9390-146b4de9f473	\N	direct-grant-validate-otp	dan	f0ddc43e-2f57-4b69-985f-08878bd6c46c	0	20	f	\N	\N
c5f1de7c-1bf8-403b-93ae-23da834db696	\N	registration-page-form	dan	ed56126c-2f5b-434b-98a4-5bc2ae282889	0	10	t	aa6fa0da-9aa0-4240-98a0-88ae35c62787	\N
50a11999-0823-45bf-aadd-bd044d3d98f5	\N	registration-user-creation	dan	aa6fa0da-9aa0-4240-98a0-88ae35c62787	0	20	f	\N	\N
a2befe65-25f9-442c-ae9d-bedfbfcf0b47	\N	registration-profile-action	dan	aa6fa0da-9aa0-4240-98a0-88ae35c62787	0	40	f	\N	\N
e3b3e483-3385-4a09-993c-7f0253d95d55	\N	registration-password-action	dan	aa6fa0da-9aa0-4240-98a0-88ae35c62787	0	50	f	\N	\N
5f2ecd5f-e5a4-46da-b80b-1a755d62a1eb	\N	registration-recaptcha-action	dan	aa6fa0da-9aa0-4240-98a0-88ae35c62787	3	60	f	\N	\N
df8bad7a-fde0-4bd3-8ef0-4ac6c94a7331	\N	reset-credentials-choose-user	dan	b0968d60-41f8-4352-8d18-3ec1fa3951fe	0	10	f	\N	\N
b279b575-3d15-4650-be1b-c111548c1689	\N	reset-credential-email	dan	b0968d60-41f8-4352-8d18-3ec1fa3951fe	0	20	f	\N	\N
2c3c8274-8744-4c12-90af-a3564e680260	\N	reset-password	dan	b0968d60-41f8-4352-8d18-3ec1fa3951fe	0	30	f	\N	\N
44fc228c-27a5-4fa4-b0a0-2bca9c3e85dc	\N	\N	dan	b0968d60-41f8-4352-8d18-3ec1fa3951fe	1	40	t	940938a7-4bfe-4761-8a32-d0f26b2a907b	\N
d604323c-0d36-4317-803a-523ae7308185	\N	conditional-user-configured	dan	940938a7-4bfe-4761-8a32-d0f26b2a907b	0	10	f	\N	\N
ef62076b-e38a-446e-9a84-b557c7d176df	\N	reset-otp	dan	940938a7-4bfe-4761-8a32-d0f26b2a907b	0	20	f	\N	\N
8babb6d9-c1a9-4e9e-aa08-71b8f005a92b	\N	client-secret	dan	998ce359-ee3f-4de9-9e74-26653189ee0d	2	10	f	\N	\N
27563923-6686-4d7e-879d-1228f6d62d92	\N	client-jwt	dan	998ce359-ee3f-4de9-9e74-26653189ee0d	2	20	f	\N	\N
0f2e23de-e0c0-4293-8b5b-8d3de1d4e7c8	\N	client-secret-jwt	dan	998ce359-ee3f-4de9-9e74-26653189ee0d	2	30	f	\N	\N
e10e4956-f854-49a1-bc6f-190fee82db67	\N	client-x509	dan	998ce359-ee3f-4de9-9e74-26653189ee0d	2	40	f	\N	\N
6b2de226-2a15-458d-aa7b-c207fd73361f	\N	idp-review-profile	dan	95374e8d-1878-4395-b4ff-bb20913324d0	0	10	f	\N	04a18bca-15a4-4356-91e0-fce6e581b77b
d5c616df-0d79-44ce-b7e9-8f7f360aa481	\N	\N	dan	95374e8d-1878-4395-b4ff-bb20913324d0	0	20	t	403964f5-109e-446a-bd76-31ffd529d659	\N
a85087e7-eb68-4095-bb8a-dcd50b1c70b8	\N	idp-create-user-if-unique	dan	403964f5-109e-446a-bd76-31ffd529d659	2	10	f	\N	1ce4e68d-7290-49c5-bc2f-9a6a3672ebf5
3ce7d2d5-aa6f-4724-b6f1-8f9b10a73520	\N	\N	dan	403964f5-109e-446a-bd76-31ffd529d659	2	20	t	3fe40837-1b57-43af-ba2e-e6f52fdb46ad	\N
0c2a277e-19f9-408c-9536-858d118b0b5b	\N	idp-confirm-link	dan	3fe40837-1b57-43af-ba2e-e6f52fdb46ad	0	10	f	\N	\N
4a637c29-a2b8-43cc-b77e-5c68e8102bab	\N	\N	dan	3fe40837-1b57-43af-ba2e-e6f52fdb46ad	0	20	t	a096d08b-47d0-48c3-90e5-e2c9804e037a	\N
411ec382-bdd1-4b4d-8e06-81362addccbe	\N	idp-email-verification	dan	a096d08b-47d0-48c3-90e5-e2c9804e037a	2	10	f	\N	\N
d6851c27-662c-47d6-8b92-76bb335fb333	\N	\N	dan	a096d08b-47d0-48c3-90e5-e2c9804e037a	2	20	t	0ff4a7fe-89f6-4493-992c-e06f46ba275d	\N
99224bea-f434-46f7-834f-2cc48ed73f62	\N	idp-username-password-form	dan	0ff4a7fe-89f6-4493-992c-e06f46ba275d	0	10	f	\N	\N
0caf2ab9-bfe2-41ae-8080-8606411a091d	\N	\N	dan	0ff4a7fe-89f6-4493-992c-e06f46ba275d	1	20	t	b12e0ef9-16a5-4844-bb66-e7c0258d91ba	\N
ab681d73-4dcb-42a5-9a35-d92471da9772	\N	conditional-user-configured	dan	b12e0ef9-16a5-4844-bb66-e7c0258d91ba	0	10	f	\N	\N
b03a668d-a67f-459d-9e5b-ef04996240f6	\N	auth-otp-form	dan	b12e0ef9-16a5-4844-bb66-e7c0258d91ba	0	20	f	\N	\N
ce0622a4-68c5-48ba-bdca-72e6498af97d	\N	http-basic-authenticator	dan	5c1d82ab-d91b-4756-8576-bc2d6d3ef2db	0	10	f	\N	\N
233b08a7-27dc-40c2-8289-8ec5abb6b6f8	\N	docker-http-basic-authenticator	dan	6159423f-fdd7-41a6-bb97-492a27f218a8	0	10	f	\N	\N
d568e377-1fe3-4000-8d03-9a8ba8f8cd27	\N	no-cookie-redirect	dan	993f346d-97b2-4db6-a512-3e835b721cf3	0	10	f	\N	\N
1a25275c-6c1c-4887-a7d1-ef26ed0cc42b	\N	\N	dan	993f346d-97b2-4db6-a512-3e835b721cf3	0	20	t	b2682b7c-72fb-44ef-8aac-aca6ed813217	\N
6dcea822-5dfb-40fd-8219-5c9afa2bdc0d	\N	basic-auth	dan	b2682b7c-72fb-44ef-8aac-aca6ed813217	0	10	f	\N	\N
55e2fe27-672d-43c5-96ea-f77d87aac45c	\N	basic-auth-otp	dan	b2682b7c-72fb-44ef-8aac-aca6ed813217	3	20	f	\N	\N
a2369f49-0bd3-43d8-b73c-a436f0af2631	\N	auth-spnego	dan	b2682b7c-72fb-44ef-8aac-aca6ed813217	3	30	f	\N	\N
\.


--
-- Data for Name: authentication_flow; Type: TABLE DATA; Schema: keycloak; Owner: dan_ms_user
--

COPY keycloak.authentication_flow (id, alias, description, realm_id, provider_id, top_level, built_in) FROM stdin;
dd9348e2-e5fb-46f4-9db6-012f3530ba88	browser	browser based authentication	master	basic-flow	t	t
7465293d-a57b-4959-840c-e88c0376aab9	forms	Username, password, otp and other auth forms.	master	basic-flow	f	t
33da7c3f-f076-4d18-9fdb-b32220f3616f	Browser - Conditional OTP	Flow to determine if the OTP is required for the authentication	master	basic-flow	f	t
b593c04d-4f34-44e6-984a-e9748d7cebb4	direct grant	OpenID Connect Resource Owner Grant	master	basic-flow	t	t
188dc603-3ca8-4d9a-bfc4-8d2385f7ca79	Direct Grant - Conditional OTP	Flow to determine if the OTP is required for the authentication	master	basic-flow	f	t
358178c3-56d5-47be-9b71-87be9b79c002	registration	registration flow	master	basic-flow	t	t
b36cdeca-902d-4202-9ac1-d1c499d10024	registration form	registration form	master	form-flow	f	t
7320ed6f-96e5-4af5-ad81-1c58add91c21	reset credentials	Reset credentials for a user if they forgot their password or something	master	basic-flow	t	t
1125c1bc-2ce6-4001-bb6f-da75ebccc0d1	Reset - Conditional OTP	Flow to determine if the OTP should be reset or not. Set to REQUIRED to force.	master	basic-flow	f	t
81b2041b-44be-4996-93ce-f11f1420c2ca	clients	Base authentication for clients	master	client-flow	t	t
8b2fa2e0-5d9e-439c-a084-911083beaa87	first broker login	Actions taken after first broker login with identity provider account, which is not yet linked to any Keycloak account	master	basic-flow	t	t
9a1bb819-a3cf-4174-99cb-004a03e29928	User creation or linking	Flow for the existing/non-existing user alternatives	master	basic-flow	f	t
d5ed9634-6d57-4266-8036-dcfa54645de0	Handle Existing Account	Handle what to do if there is existing account with same email/username like authenticated identity provider	master	basic-flow	f	t
f7964b37-b345-4646-8ec8-3a2d8c42f8bf	Account verification options	Method with which to verity the existing account	master	basic-flow	f	t
622af3cb-0842-4e92-8205-af1b4ca34e88	Verify Existing Account by Re-authentication	Reauthentication of existing account	master	basic-flow	f	t
519acda6-cbdb-424e-b877-f38b7b674cc2	First broker login - Conditional OTP	Flow to determine if the OTP is required for the authentication	master	basic-flow	f	t
5c8bacea-167b-472f-9b38-92b160bbeec5	saml ecp	SAML ECP Profile Authentication Flow	master	basic-flow	t	t
4b3fe5a9-5703-480f-bb1b-72bc8eace7f6	docker auth	Used by Docker clients to authenticate against the IDP	master	basic-flow	t	t
d492eb6d-c9c8-4d32-8408-6149ec22d9e4	http challenge	An authentication flow based on challenge-response HTTP Authentication Schemes	master	basic-flow	t	t
ae220d64-6a23-4519-a9d4-25a318eb3081	Authentication Options	Authentication options.	master	basic-flow	f	t
5be3e0b0-6e6d-4f93-8e12-0f125cbfcab8	browser	browser based authentication	dan	basic-flow	t	t
c06a6495-c4e0-4d49-ad31-7c339bbc87e6	forms	Username, password, otp and other auth forms.	dan	basic-flow	f	t
cab5293b-f316-460d-b014-3ba08d389b4a	Browser - Conditional OTP	Flow to determine if the OTP is required for the authentication	dan	basic-flow	f	t
409a53b7-3a4f-4711-b202-cdd0547bc01d	direct grant	OpenID Connect Resource Owner Grant	dan	basic-flow	t	t
f0ddc43e-2f57-4b69-985f-08878bd6c46c	Direct Grant - Conditional OTP	Flow to determine if the OTP is required for the authentication	dan	basic-flow	f	t
ed56126c-2f5b-434b-98a4-5bc2ae282889	registration	registration flow	dan	basic-flow	t	t
aa6fa0da-9aa0-4240-98a0-88ae35c62787	registration form	registration form	dan	form-flow	f	t
b0968d60-41f8-4352-8d18-3ec1fa3951fe	reset credentials	Reset credentials for a user if they forgot their password or something	dan	basic-flow	t	t
940938a7-4bfe-4761-8a32-d0f26b2a907b	Reset - Conditional OTP	Flow to determine if the OTP should be reset or not. Set to REQUIRED to force.	dan	basic-flow	f	t
998ce359-ee3f-4de9-9e74-26653189ee0d	clients	Base authentication for clients	dan	client-flow	t	t
95374e8d-1878-4395-b4ff-bb20913324d0	first broker login	Actions taken after first broker login with identity provider account, which is not yet linked to any Keycloak account	dan	basic-flow	t	t
403964f5-109e-446a-bd76-31ffd529d659	User creation or linking	Flow for the existing/non-existing user alternatives	dan	basic-flow	f	t
3fe40837-1b57-43af-ba2e-e6f52fdb46ad	Handle Existing Account	Handle what to do if there is existing account with same email/username like authenticated identity provider	dan	basic-flow	f	t
a096d08b-47d0-48c3-90e5-e2c9804e037a	Account verification options	Method with which to verity the existing account	dan	basic-flow	f	t
0ff4a7fe-89f6-4493-992c-e06f46ba275d	Verify Existing Account by Re-authentication	Reauthentication of existing account	dan	basic-flow	f	t
b12e0ef9-16a5-4844-bb66-e7c0258d91ba	First broker login - Conditional OTP	Flow to determine if the OTP is required for the authentication	dan	basic-flow	f	t
5c1d82ab-d91b-4756-8576-bc2d6d3ef2db	saml ecp	SAML ECP Profile Authentication Flow	dan	basic-flow	t	t
6159423f-fdd7-41a6-bb97-492a27f218a8	docker auth	Used by Docker clients to authenticate against the IDP	dan	basic-flow	t	t
993f346d-97b2-4db6-a512-3e835b721cf3	http challenge	An authentication flow based on challenge-response HTTP Authentication Schemes	dan	basic-flow	t	t
b2682b7c-72fb-44ef-8aac-aca6ed813217	Authentication Options	Authentication options.	dan	basic-flow	f	t
\.


--
-- Data for Name: authenticator_config; Type: TABLE DATA; Schema: keycloak; Owner: dan_ms_user
--

COPY keycloak.authenticator_config (id, alias, realm_id) FROM stdin;
439d3ae1-cf5d-4670-ab81-4c89d1dbb8dc	review profile config	master
4d1a759e-612d-4768-a7f8-d7815c011e79	create unique user config	master
04a18bca-15a4-4356-91e0-fce6e581b77b	review profile config	dan
1ce4e68d-7290-49c5-bc2f-9a6a3672ebf5	create unique user config	dan
\.


--
-- Data for Name: authenticator_config_entry; Type: TABLE DATA; Schema: keycloak; Owner: dan_ms_user
--

COPY keycloak.authenticator_config_entry (authenticator_id, value, name) FROM stdin;
439d3ae1-cf5d-4670-ab81-4c89d1dbb8dc	missing	update.profile.on.first.login
4d1a759e-612d-4768-a7f8-d7815c011e79	false	require.password.update.after.registration
04a18bca-15a4-4356-91e0-fce6e581b77b	missing	update.profile.on.first.login
1ce4e68d-7290-49c5-bc2f-9a6a3672ebf5	false	require.password.update.after.registration
\.


--
-- Data for Name: broker_link; Type: TABLE DATA; Schema: keycloak; Owner: dan_ms_user
--

COPY keycloak.broker_link (identity_provider, storage_provider_id, realm_id, broker_user_id, broker_username, token, user_id) FROM stdin;
\.


--
-- Data for Name: client; Type: TABLE DATA; Schema: keycloak; Owner: dan_ms_user
--

COPY keycloak.client (id, enabled, full_scope_allowed, client_id, not_before, public_client, secret, base_url, bearer_only, management_url, surrogate_auth_required, realm_id, protocol, node_rereg_timeout, frontchannel_logout, consent_required, name, service_accounts_enabled, client_authenticator_type, root_url, description, registration_token, standard_flow_enabled, implicit_flow_enabled, direct_access_grants_enabled, always_display_in_console) FROM stdin;
e6a19ef5-c4d4-4ac8-856e-93588a409d05	t	f	master-realm	0	f	\N	\N	t	\N	f	master	\N	0	f	f	master Realm	f	client-secret	\N	\N	\N	t	f	f	f
357fc79e-246a-46ee-8d0e-116f178b6ee0	t	f	account	0	t	\N	/realms/master/account/	f	\N	f	master	openid-connect	0	f	f	${client_account}	f	client-secret	${authBaseUrl}	\N	\N	t	f	f	f
1e9cdded-1903-477c-95c8-c110acd80468	t	f	account-console	0	t	\N	/realms/master/account/	f	\N	f	master	openid-connect	0	f	f	${client_account-console}	f	client-secret	${authBaseUrl}	\N	\N	t	f	f	f
15f39cd7-a325-4b60-a089-0543f1d6da9c	t	f	broker	0	f	\N	\N	t	\N	f	master	openid-connect	0	f	f	${client_broker}	f	client-secret	\N	\N	\N	t	f	f	f
85188196-99f5-43ce-85de-f326e7672116	t	f	security-admin-console	0	t	\N	/admin/master/console/	f	\N	f	master	openid-connect	0	f	f	${client_security-admin-console}	f	client-secret	${authAdminUrl}	\N	\N	t	f	f	f
d099f9cb-0f00-4a2d-af1f-f0ca43abbc86	t	f	admin-cli	0	t	\N	\N	f	\N	f	master	openid-connect	0	f	f	${client_admin-cli}	f	client-secret	\N	\N	\N	f	f	t	f
665219c0-d2c6-4b70-a30c-75aeff4cafa6	t	f	dan-realm	0	f	\N	\N	t	\N	f	master	\N	0	f	f	dan Realm	f	client-secret	\N	\N	\N	t	f	f	f
2d3ff9b6-b828-42f9-968e-91abf7b36677	t	f	realm-management	0	f	\N	\N	t	\N	f	dan	openid-connect	0	f	f	${client_realm-management}	f	client-secret	\N	\N	\N	t	f	f	f
6ca9e4c2-f0e2-4ef8-a82e-d0d2d5dd3980	t	f	account	0	t	\N	/realms/dan/account/	f	\N	f	dan	openid-connect	0	f	f	${client_account}	f	client-secret	${authBaseUrl}	\N	\N	t	f	f	f
487a8801-2e4a-41e9-93cc-b9f1d94b5fb0	t	f	account-console	0	t	\N	/realms/dan/account/	f	\N	f	dan	openid-connect	0	f	f	${client_account-console}	f	client-secret	${authBaseUrl}	\N	\N	t	f	f	f
939543ae-2d5b-4674-97d5-3082082254d9	t	f	broker	0	f	\N	\N	t	\N	f	dan	openid-connect	0	f	f	${client_broker}	f	client-secret	\N	\N	\N	t	f	f	f
eb6de590-cd58-4606-9a83-e7239a375e72	t	f	security-admin-console	0	t	\N	/admin/dan/console/	f	\N	f	dan	openid-connect	0	f	f	${client_security-admin-console}	f	client-secret	${authAdminUrl}	\N	\N	t	f	f	f
efe5d14e-7328-48e3-bc64-044055d956d6	t	f	admin-cli	0	t	\N	\N	f	\N	f	dan	openid-connect	0	f	f	${client_admin-cli}	f	client-secret	\N	\N	\N	f	f	t	f
9096588b-1aa5-47fa-bbe8-3d9e68d93ecd	t	t	dan-ms-pedido	0	f	\N	\N	t	\N	f	dan	openid-connect	-1	f	f	\N	f	client-secret	\N	Cliente microservicio pedido	\N	t	f	t	f
7e143453-b7e0-459c-ae80-d46cfbd42fa9	t	t	dan-ms-usuario	0	f	\N	\N	t	\N	f	dan	openid-connect	-1	f	f	\N	f	client-secret	\N	Cliente microservicio usuario	\N	t	f	t	f
fa6e11e1-b4a4-416c-a47a-ade16483898d	t	t	dan-ms-material	0	f	\N	\N	t	\N	f	dan	openid-connect	-1	f	f	\N	f	client-secret	\N	Cliente microservicio material	\N	t	f	t	f
7ec55cc3-504a-4787-8e4e-35f3076fb2e8	t	t	dan-ms-pago	0	f	\N	\N	t	\N	f	dan	openid-connect	-1	f	f	\N	f	client-secret	\N	Cliente microservicio pago	\N	t	f	t	f
d6ae00fa-ed77-4064-90b7-340b8da3316d	t	t	dan-ms-envio	0	f	\N	\N	t	\N	f	dan	openid-connect	-1	f	f	\N	f	client-secret	\N	Cliente microservicio envo	\N	t	f	t	f
\.


--
-- Data for Name: client_attributes; Type: TABLE DATA; Schema: keycloak; Owner: dan_ms_user
--

COPY keycloak.client_attributes (client_id, value, name) FROM stdin;
1e9cdded-1903-477c-95c8-c110acd80468	S256	pkce.code.challenge.method
85188196-99f5-43ce-85de-f326e7672116	S256	pkce.code.challenge.method
487a8801-2e4a-41e9-93cc-b9f1d94b5fb0	S256	pkce.code.challenge.method
eb6de590-cd58-4606-9a83-e7239a375e72	S256	pkce.code.challenge.method
7e143453-b7e0-459c-ae80-d46cfbd42fa9	true	backchannel.logout.session.required
7e143453-b7e0-459c-ae80-d46cfbd42fa9	false	backchannel.logout.revoke.offline.tokens
7e143453-b7e0-459c-ae80-d46cfbd42fa9	false	saml.artifact.binding
7e143453-b7e0-459c-ae80-d46cfbd42fa9	false	saml.server.signature
7e143453-b7e0-459c-ae80-d46cfbd42fa9	false	saml.server.signature.keyinfo.ext
7e143453-b7e0-459c-ae80-d46cfbd42fa9	false	saml.assertion.signature
7e143453-b7e0-459c-ae80-d46cfbd42fa9	false	saml.client.signature
7e143453-b7e0-459c-ae80-d46cfbd42fa9	false	saml.encrypt
7e143453-b7e0-459c-ae80-d46cfbd42fa9	false	saml.authnstatement
7e143453-b7e0-459c-ae80-d46cfbd42fa9	false	saml.onetimeuse.condition
7e143453-b7e0-459c-ae80-d46cfbd42fa9	false	saml_force_name_id_format
7e143453-b7e0-459c-ae80-d46cfbd42fa9	false	saml.multivalued.roles
7e143453-b7e0-459c-ae80-d46cfbd42fa9	false	saml.force.post.binding
7e143453-b7e0-459c-ae80-d46cfbd42fa9	false	exclude.session.state.from.auth.response
7e143453-b7e0-459c-ae80-d46cfbd42fa9	false	oauth2.device.authorization.grant.enabled
7e143453-b7e0-459c-ae80-d46cfbd42fa9	false	oidc.ciba.grant.enabled
7e143453-b7e0-459c-ae80-d46cfbd42fa9	true	use.refresh.tokens
7e143453-b7e0-459c-ae80-d46cfbd42fa9	false	id.token.as.detached.signature
7e143453-b7e0-459c-ae80-d46cfbd42fa9	false	tls.client.certificate.bound.access.tokens
7e143453-b7e0-459c-ae80-d46cfbd42fa9	false	require.pushed.authorization.requests
7e143453-b7e0-459c-ae80-d46cfbd42fa9	false	client_credentials.use_refresh_token
7e143453-b7e0-459c-ae80-d46cfbd42fa9	false	display.on.consent.screen
9096588b-1aa5-47fa-bbe8-3d9e68d93ecd	true	backchannel.logout.session.required
9096588b-1aa5-47fa-bbe8-3d9e68d93ecd	false	backchannel.logout.revoke.offline.tokens
9096588b-1aa5-47fa-bbe8-3d9e68d93ecd	false	saml.artifact.binding
9096588b-1aa5-47fa-bbe8-3d9e68d93ecd	false	saml.server.signature
9096588b-1aa5-47fa-bbe8-3d9e68d93ecd	false	saml.server.signature.keyinfo.ext
9096588b-1aa5-47fa-bbe8-3d9e68d93ecd	false	saml.assertion.signature
9096588b-1aa5-47fa-bbe8-3d9e68d93ecd	false	saml.client.signature
9096588b-1aa5-47fa-bbe8-3d9e68d93ecd	false	saml.encrypt
9096588b-1aa5-47fa-bbe8-3d9e68d93ecd	false	saml.authnstatement
9096588b-1aa5-47fa-bbe8-3d9e68d93ecd	false	saml.onetimeuse.condition
9096588b-1aa5-47fa-bbe8-3d9e68d93ecd	false	saml_force_name_id_format
9096588b-1aa5-47fa-bbe8-3d9e68d93ecd	false	saml.multivalued.roles
9096588b-1aa5-47fa-bbe8-3d9e68d93ecd	false	saml.force.post.binding
9096588b-1aa5-47fa-bbe8-3d9e68d93ecd	false	exclude.session.state.from.auth.response
9096588b-1aa5-47fa-bbe8-3d9e68d93ecd	false	oauth2.device.authorization.grant.enabled
9096588b-1aa5-47fa-bbe8-3d9e68d93ecd	false	oidc.ciba.grant.enabled
9096588b-1aa5-47fa-bbe8-3d9e68d93ecd	true	use.refresh.tokens
9096588b-1aa5-47fa-bbe8-3d9e68d93ecd	false	id.token.as.detached.signature
9096588b-1aa5-47fa-bbe8-3d9e68d93ecd	false	tls.client.certificate.bound.access.tokens
9096588b-1aa5-47fa-bbe8-3d9e68d93ecd	false	require.pushed.authorization.requests
9096588b-1aa5-47fa-bbe8-3d9e68d93ecd	false	client_credentials.use_refresh_token
9096588b-1aa5-47fa-bbe8-3d9e68d93ecd	false	display.on.consent.screen
fa6e11e1-b4a4-416c-a47a-ade16483898d	true	backchannel.logout.session.required
fa6e11e1-b4a4-416c-a47a-ade16483898d	false	backchannel.logout.revoke.offline.tokens
fa6e11e1-b4a4-416c-a47a-ade16483898d	false	saml.artifact.binding
fa6e11e1-b4a4-416c-a47a-ade16483898d	false	saml.server.signature
fa6e11e1-b4a4-416c-a47a-ade16483898d	false	saml.server.signature.keyinfo.ext
fa6e11e1-b4a4-416c-a47a-ade16483898d	false	saml.assertion.signature
fa6e11e1-b4a4-416c-a47a-ade16483898d	false	saml.client.signature
fa6e11e1-b4a4-416c-a47a-ade16483898d	false	saml.encrypt
fa6e11e1-b4a4-416c-a47a-ade16483898d	false	saml.authnstatement
fa6e11e1-b4a4-416c-a47a-ade16483898d	false	saml.onetimeuse.condition
fa6e11e1-b4a4-416c-a47a-ade16483898d	false	saml_force_name_id_format
fa6e11e1-b4a4-416c-a47a-ade16483898d	false	saml.multivalued.roles
fa6e11e1-b4a4-416c-a47a-ade16483898d	false	saml.force.post.binding
fa6e11e1-b4a4-416c-a47a-ade16483898d	false	exclude.session.state.from.auth.response
fa6e11e1-b4a4-416c-a47a-ade16483898d	false	oauth2.device.authorization.grant.enabled
fa6e11e1-b4a4-416c-a47a-ade16483898d	false	oidc.ciba.grant.enabled
fa6e11e1-b4a4-416c-a47a-ade16483898d	true	use.refresh.tokens
fa6e11e1-b4a4-416c-a47a-ade16483898d	false	id.token.as.detached.signature
fa6e11e1-b4a4-416c-a47a-ade16483898d	false	tls.client.certificate.bound.access.tokens
fa6e11e1-b4a4-416c-a47a-ade16483898d	false	require.pushed.authorization.requests
fa6e11e1-b4a4-416c-a47a-ade16483898d	false	client_credentials.use_refresh_token
fa6e11e1-b4a4-416c-a47a-ade16483898d	false	display.on.consent.screen
7ec55cc3-504a-4787-8e4e-35f3076fb2e8	true	backchannel.logout.session.required
7ec55cc3-504a-4787-8e4e-35f3076fb2e8	false	backchannel.logout.revoke.offline.tokens
7ec55cc3-504a-4787-8e4e-35f3076fb2e8	false	saml.artifact.binding
7ec55cc3-504a-4787-8e4e-35f3076fb2e8	false	saml.server.signature
7ec55cc3-504a-4787-8e4e-35f3076fb2e8	false	saml.server.signature.keyinfo.ext
7ec55cc3-504a-4787-8e4e-35f3076fb2e8	false	saml.assertion.signature
7ec55cc3-504a-4787-8e4e-35f3076fb2e8	false	saml.client.signature
7ec55cc3-504a-4787-8e4e-35f3076fb2e8	false	saml.encrypt
7ec55cc3-504a-4787-8e4e-35f3076fb2e8	false	saml.authnstatement
7ec55cc3-504a-4787-8e4e-35f3076fb2e8	false	saml.onetimeuse.condition
7ec55cc3-504a-4787-8e4e-35f3076fb2e8	false	saml_force_name_id_format
7ec55cc3-504a-4787-8e4e-35f3076fb2e8	false	saml.multivalued.roles
7ec55cc3-504a-4787-8e4e-35f3076fb2e8	false	saml.force.post.binding
7ec55cc3-504a-4787-8e4e-35f3076fb2e8	false	exclude.session.state.from.auth.response
7ec55cc3-504a-4787-8e4e-35f3076fb2e8	false	oauth2.device.authorization.grant.enabled
7ec55cc3-504a-4787-8e4e-35f3076fb2e8	false	oidc.ciba.grant.enabled
7ec55cc3-504a-4787-8e4e-35f3076fb2e8	true	use.refresh.tokens
7ec55cc3-504a-4787-8e4e-35f3076fb2e8	false	id.token.as.detached.signature
7ec55cc3-504a-4787-8e4e-35f3076fb2e8	false	tls.client.certificate.bound.access.tokens
7ec55cc3-504a-4787-8e4e-35f3076fb2e8	false	require.pushed.authorization.requests
7ec55cc3-504a-4787-8e4e-35f3076fb2e8	false	client_credentials.use_refresh_token
7ec55cc3-504a-4787-8e4e-35f3076fb2e8	false	display.on.consent.screen
d6ae00fa-ed77-4064-90b7-340b8da3316d	true	backchannel.logout.session.required
d6ae00fa-ed77-4064-90b7-340b8da3316d	false	backchannel.logout.revoke.offline.tokens
d6ae00fa-ed77-4064-90b7-340b8da3316d	false	saml.artifact.binding
d6ae00fa-ed77-4064-90b7-340b8da3316d	false	saml.server.signature
d6ae00fa-ed77-4064-90b7-340b8da3316d	false	saml.server.signature.keyinfo.ext
d6ae00fa-ed77-4064-90b7-340b8da3316d	false	saml.assertion.signature
d6ae00fa-ed77-4064-90b7-340b8da3316d	false	saml.client.signature
d6ae00fa-ed77-4064-90b7-340b8da3316d	false	saml.encrypt
d6ae00fa-ed77-4064-90b7-340b8da3316d	false	saml.authnstatement
d6ae00fa-ed77-4064-90b7-340b8da3316d	false	saml.onetimeuse.condition
d6ae00fa-ed77-4064-90b7-340b8da3316d	false	saml_force_name_id_format
d6ae00fa-ed77-4064-90b7-340b8da3316d	false	saml.multivalued.roles
d6ae00fa-ed77-4064-90b7-340b8da3316d	false	saml.force.post.binding
d6ae00fa-ed77-4064-90b7-340b8da3316d	false	exclude.session.state.from.auth.response
d6ae00fa-ed77-4064-90b7-340b8da3316d	false	oauth2.device.authorization.grant.enabled
d6ae00fa-ed77-4064-90b7-340b8da3316d	false	oidc.ciba.grant.enabled
d6ae00fa-ed77-4064-90b7-340b8da3316d	true	use.refresh.tokens
d6ae00fa-ed77-4064-90b7-340b8da3316d	false	id.token.as.detached.signature
d6ae00fa-ed77-4064-90b7-340b8da3316d	false	tls.client.certificate.bound.access.tokens
d6ae00fa-ed77-4064-90b7-340b8da3316d	false	require.pushed.authorization.requests
d6ae00fa-ed77-4064-90b7-340b8da3316d	false	client_credentials.use_refresh_token
d6ae00fa-ed77-4064-90b7-340b8da3316d	false	display.on.consent.screen
\.


--
-- Data for Name: client_auth_flow_bindings; Type: TABLE DATA; Schema: keycloak; Owner: dan_ms_user
--

COPY keycloak.client_auth_flow_bindings (client_id, flow_id, binding_name) FROM stdin;
\.


--
-- Data for Name: client_initial_access; Type: TABLE DATA; Schema: keycloak; Owner: dan_ms_user
--

COPY keycloak.client_initial_access (id, realm_id, "timestamp", expiration, count, remaining_count) FROM stdin;
\.


--
-- Data for Name: client_node_registrations; Type: TABLE DATA; Schema: keycloak; Owner: dan_ms_user
--

COPY keycloak.client_node_registrations (client_id, value, name) FROM stdin;
\.


--
-- Data for Name: client_scope; Type: TABLE DATA; Schema: keycloak; Owner: dan_ms_user
--

COPY keycloak.client_scope (id, name, realm_id, description, protocol) FROM stdin;
2f339a12-ef06-4b8d-8d63-0bf50606b86c	offline_access	master	OpenID Connect built-in scope: offline_access	openid-connect
bcb15ea1-7c53-46fe-863d-714998b3cd63	role_list	master	SAML role list	saml
9039342f-8dc3-4410-90a0-25f6ea2c2139	profile	master	OpenID Connect built-in scope: profile	openid-connect
9ed9b305-4bef-46d8-801b-e9ae260d660a	email	master	OpenID Connect built-in scope: email	openid-connect
4bcace12-bd25-4433-a73a-5070d61e797e	address	master	OpenID Connect built-in scope: address	openid-connect
5bb04370-5bf3-43cc-8cef-1aec0075df3d	phone	master	OpenID Connect built-in scope: phone	openid-connect
5c926ddc-8f03-464b-8bff-7a6c8fd4f00e	roles	master	OpenID Connect scope for add user roles to the access token	openid-connect
6fd6a902-a7bb-4b86-9b26-63a4cc3be57f	web-origins	master	OpenID Connect scope for add allowed web origins to the access token	openid-connect
e64ca88f-c097-44d2-9647-84027d190ad7	microprofile-jwt	master	Microprofile - JWT built-in scope	openid-connect
a59e81bf-5597-4b2f-8350-a872be07a4c8	offline_access	dan	OpenID Connect built-in scope: offline_access	openid-connect
9455e91e-f9b0-481d-8ebf-eabb1280fa62	role_list	dan	SAML role list	saml
970bf77c-174a-4c4c-a542-7237751df32c	profile	dan	OpenID Connect built-in scope: profile	openid-connect
9564a076-21f3-4959-9e03-e60b215f6282	email	dan	OpenID Connect built-in scope: email	openid-connect
011bc597-1473-4f0b-b993-d04f08537d41	address	dan	OpenID Connect built-in scope: address	openid-connect
76478342-0d1c-46b2-8e60-3325516c4f6c	phone	dan	OpenID Connect built-in scope: phone	openid-connect
6c065b4c-8ef9-48c0-9dc5-143b267b3dd7	roles	dan	OpenID Connect scope for add user roles to the access token	openid-connect
186d325b-4162-4b24-b9bd-920ddb732ead	web-origins	dan	OpenID Connect scope for add allowed web origins to the access token	openid-connect
3f0f3684-ff6c-42a7-b324-fddac92fac5c	microprofile-jwt	dan	Microprofile - JWT built-in scope	openid-connect
\.


--
-- Data for Name: client_scope_attributes; Type: TABLE DATA; Schema: keycloak; Owner: dan_ms_user
--

COPY keycloak.client_scope_attributes (scope_id, value, name) FROM stdin;
2f339a12-ef06-4b8d-8d63-0bf50606b86c	true	display.on.consent.screen
2f339a12-ef06-4b8d-8d63-0bf50606b86c	${offlineAccessScopeConsentText}	consent.screen.text
bcb15ea1-7c53-46fe-863d-714998b3cd63	true	display.on.consent.screen
bcb15ea1-7c53-46fe-863d-714998b3cd63	${samlRoleListScopeConsentText}	consent.screen.text
9039342f-8dc3-4410-90a0-25f6ea2c2139	true	display.on.consent.screen
9039342f-8dc3-4410-90a0-25f6ea2c2139	${profileScopeConsentText}	consent.screen.text
9039342f-8dc3-4410-90a0-25f6ea2c2139	true	include.in.token.scope
9ed9b305-4bef-46d8-801b-e9ae260d660a	true	display.on.consent.screen
9ed9b305-4bef-46d8-801b-e9ae260d660a	${emailScopeConsentText}	consent.screen.text
9ed9b305-4bef-46d8-801b-e9ae260d660a	true	include.in.token.scope
4bcace12-bd25-4433-a73a-5070d61e797e	true	display.on.consent.screen
4bcace12-bd25-4433-a73a-5070d61e797e	${addressScopeConsentText}	consent.screen.text
4bcace12-bd25-4433-a73a-5070d61e797e	true	include.in.token.scope
5bb04370-5bf3-43cc-8cef-1aec0075df3d	true	display.on.consent.screen
5bb04370-5bf3-43cc-8cef-1aec0075df3d	${phoneScopeConsentText}	consent.screen.text
5bb04370-5bf3-43cc-8cef-1aec0075df3d	true	include.in.token.scope
5c926ddc-8f03-464b-8bff-7a6c8fd4f00e	true	display.on.consent.screen
5c926ddc-8f03-464b-8bff-7a6c8fd4f00e	${rolesScopeConsentText}	consent.screen.text
5c926ddc-8f03-464b-8bff-7a6c8fd4f00e	false	include.in.token.scope
6fd6a902-a7bb-4b86-9b26-63a4cc3be57f	false	display.on.consent.screen
6fd6a902-a7bb-4b86-9b26-63a4cc3be57f		consent.screen.text
6fd6a902-a7bb-4b86-9b26-63a4cc3be57f	false	include.in.token.scope
e64ca88f-c097-44d2-9647-84027d190ad7	false	display.on.consent.screen
e64ca88f-c097-44d2-9647-84027d190ad7	true	include.in.token.scope
a59e81bf-5597-4b2f-8350-a872be07a4c8	true	display.on.consent.screen
a59e81bf-5597-4b2f-8350-a872be07a4c8	${offlineAccessScopeConsentText}	consent.screen.text
9455e91e-f9b0-481d-8ebf-eabb1280fa62	true	display.on.consent.screen
9455e91e-f9b0-481d-8ebf-eabb1280fa62	${samlRoleListScopeConsentText}	consent.screen.text
970bf77c-174a-4c4c-a542-7237751df32c	true	display.on.consent.screen
970bf77c-174a-4c4c-a542-7237751df32c	${profileScopeConsentText}	consent.screen.text
970bf77c-174a-4c4c-a542-7237751df32c	true	include.in.token.scope
9564a076-21f3-4959-9e03-e60b215f6282	true	display.on.consent.screen
9564a076-21f3-4959-9e03-e60b215f6282	${emailScopeConsentText}	consent.screen.text
9564a076-21f3-4959-9e03-e60b215f6282	true	include.in.token.scope
011bc597-1473-4f0b-b993-d04f08537d41	true	display.on.consent.screen
011bc597-1473-4f0b-b993-d04f08537d41	${addressScopeConsentText}	consent.screen.text
011bc597-1473-4f0b-b993-d04f08537d41	true	include.in.token.scope
76478342-0d1c-46b2-8e60-3325516c4f6c	true	display.on.consent.screen
76478342-0d1c-46b2-8e60-3325516c4f6c	${phoneScopeConsentText}	consent.screen.text
76478342-0d1c-46b2-8e60-3325516c4f6c	true	include.in.token.scope
6c065b4c-8ef9-48c0-9dc5-143b267b3dd7	true	display.on.consent.screen
6c065b4c-8ef9-48c0-9dc5-143b267b3dd7	${rolesScopeConsentText}	consent.screen.text
6c065b4c-8ef9-48c0-9dc5-143b267b3dd7	false	include.in.token.scope
186d325b-4162-4b24-b9bd-920ddb732ead	false	display.on.consent.screen
186d325b-4162-4b24-b9bd-920ddb732ead		consent.screen.text
186d325b-4162-4b24-b9bd-920ddb732ead	false	include.in.token.scope
3f0f3684-ff6c-42a7-b324-fddac92fac5c	false	display.on.consent.screen
3f0f3684-ff6c-42a7-b324-fddac92fac5c	true	include.in.token.scope
\.


--
-- Data for Name: client_scope_client; Type: TABLE DATA; Schema: keycloak; Owner: dan_ms_user
--

COPY keycloak.client_scope_client (client_id, scope_id, default_scope) FROM stdin;
357fc79e-246a-46ee-8d0e-116f178b6ee0	5c926ddc-8f03-464b-8bff-7a6c8fd4f00e	t
357fc79e-246a-46ee-8d0e-116f178b6ee0	9039342f-8dc3-4410-90a0-25f6ea2c2139	t
357fc79e-246a-46ee-8d0e-116f178b6ee0	9ed9b305-4bef-46d8-801b-e9ae260d660a	t
357fc79e-246a-46ee-8d0e-116f178b6ee0	6fd6a902-a7bb-4b86-9b26-63a4cc3be57f	t
357fc79e-246a-46ee-8d0e-116f178b6ee0	4bcace12-bd25-4433-a73a-5070d61e797e	f
357fc79e-246a-46ee-8d0e-116f178b6ee0	2f339a12-ef06-4b8d-8d63-0bf50606b86c	f
357fc79e-246a-46ee-8d0e-116f178b6ee0	5bb04370-5bf3-43cc-8cef-1aec0075df3d	f
357fc79e-246a-46ee-8d0e-116f178b6ee0	e64ca88f-c097-44d2-9647-84027d190ad7	f
1e9cdded-1903-477c-95c8-c110acd80468	5c926ddc-8f03-464b-8bff-7a6c8fd4f00e	t
1e9cdded-1903-477c-95c8-c110acd80468	9039342f-8dc3-4410-90a0-25f6ea2c2139	t
1e9cdded-1903-477c-95c8-c110acd80468	9ed9b305-4bef-46d8-801b-e9ae260d660a	t
1e9cdded-1903-477c-95c8-c110acd80468	6fd6a902-a7bb-4b86-9b26-63a4cc3be57f	t
1e9cdded-1903-477c-95c8-c110acd80468	4bcace12-bd25-4433-a73a-5070d61e797e	f
1e9cdded-1903-477c-95c8-c110acd80468	2f339a12-ef06-4b8d-8d63-0bf50606b86c	f
1e9cdded-1903-477c-95c8-c110acd80468	5bb04370-5bf3-43cc-8cef-1aec0075df3d	f
1e9cdded-1903-477c-95c8-c110acd80468	e64ca88f-c097-44d2-9647-84027d190ad7	f
d099f9cb-0f00-4a2d-af1f-f0ca43abbc86	5c926ddc-8f03-464b-8bff-7a6c8fd4f00e	t
d099f9cb-0f00-4a2d-af1f-f0ca43abbc86	9039342f-8dc3-4410-90a0-25f6ea2c2139	t
d099f9cb-0f00-4a2d-af1f-f0ca43abbc86	9ed9b305-4bef-46d8-801b-e9ae260d660a	t
d099f9cb-0f00-4a2d-af1f-f0ca43abbc86	6fd6a902-a7bb-4b86-9b26-63a4cc3be57f	t
d099f9cb-0f00-4a2d-af1f-f0ca43abbc86	4bcace12-bd25-4433-a73a-5070d61e797e	f
d099f9cb-0f00-4a2d-af1f-f0ca43abbc86	2f339a12-ef06-4b8d-8d63-0bf50606b86c	f
d099f9cb-0f00-4a2d-af1f-f0ca43abbc86	5bb04370-5bf3-43cc-8cef-1aec0075df3d	f
d099f9cb-0f00-4a2d-af1f-f0ca43abbc86	e64ca88f-c097-44d2-9647-84027d190ad7	f
15f39cd7-a325-4b60-a089-0543f1d6da9c	5c926ddc-8f03-464b-8bff-7a6c8fd4f00e	t
15f39cd7-a325-4b60-a089-0543f1d6da9c	9039342f-8dc3-4410-90a0-25f6ea2c2139	t
15f39cd7-a325-4b60-a089-0543f1d6da9c	9ed9b305-4bef-46d8-801b-e9ae260d660a	t
15f39cd7-a325-4b60-a089-0543f1d6da9c	6fd6a902-a7bb-4b86-9b26-63a4cc3be57f	t
15f39cd7-a325-4b60-a089-0543f1d6da9c	4bcace12-bd25-4433-a73a-5070d61e797e	f
15f39cd7-a325-4b60-a089-0543f1d6da9c	2f339a12-ef06-4b8d-8d63-0bf50606b86c	f
15f39cd7-a325-4b60-a089-0543f1d6da9c	5bb04370-5bf3-43cc-8cef-1aec0075df3d	f
15f39cd7-a325-4b60-a089-0543f1d6da9c	e64ca88f-c097-44d2-9647-84027d190ad7	f
e6a19ef5-c4d4-4ac8-856e-93588a409d05	5c926ddc-8f03-464b-8bff-7a6c8fd4f00e	t
e6a19ef5-c4d4-4ac8-856e-93588a409d05	9039342f-8dc3-4410-90a0-25f6ea2c2139	t
e6a19ef5-c4d4-4ac8-856e-93588a409d05	9ed9b305-4bef-46d8-801b-e9ae260d660a	t
e6a19ef5-c4d4-4ac8-856e-93588a409d05	6fd6a902-a7bb-4b86-9b26-63a4cc3be57f	t
e6a19ef5-c4d4-4ac8-856e-93588a409d05	4bcace12-bd25-4433-a73a-5070d61e797e	f
e6a19ef5-c4d4-4ac8-856e-93588a409d05	2f339a12-ef06-4b8d-8d63-0bf50606b86c	f
e6a19ef5-c4d4-4ac8-856e-93588a409d05	5bb04370-5bf3-43cc-8cef-1aec0075df3d	f
e6a19ef5-c4d4-4ac8-856e-93588a409d05	e64ca88f-c097-44d2-9647-84027d190ad7	f
85188196-99f5-43ce-85de-f326e7672116	5c926ddc-8f03-464b-8bff-7a6c8fd4f00e	t
85188196-99f5-43ce-85de-f326e7672116	9039342f-8dc3-4410-90a0-25f6ea2c2139	t
85188196-99f5-43ce-85de-f326e7672116	9ed9b305-4bef-46d8-801b-e9ae260d660a	t
85188196-99f5-43ce-85de-f326e7672116	6fd6a902-a7bb-4b86-9b26-63a4cc3be57f	t
85188196-99f5-43ce-85de-f326e7672116	4bcace12-bd25-4433-a73a-5070d61e797e	f
85188196-99f5-43ce-85de-f326e7672116	2f339a12-ef06-4b8d-8d63-0bf50606b86c	f
85188196-99f5-43ce-85de-f326e7672116	5bb04370-5bf3-43cc-8cef-1aec0075df3d	f
85188196-99f5-43ce-85de-f326e7672116	e64ca88f-c097-44d2-9647-84027d190ad7	f
6ca9e4c2-f0e2-4ef8-a82e-d0d2d5dd3980	186d325b-4162-4b24-b9bd-920ddb732ead	t
6ca9e4c2-f0e2-4ef8-a82e-d0d2d5dd3980	6c065b4c-8ef9-48c0-9dc5-143b267b3dd7	t
6ca9e4c2-f0e2-4ef8-a82e-d0d2d5dd3980	970bf77c-174a-4c4c-a542-7237751df32c	t
6ca9e4c2-f0e2-4ef8-a82e-d0d2d5dd3980	9564a076-21f3-4959-9e03-e60b215f6282	t
6ca9e4c2-f0e2-4ef8-a82e-d0d2d5dd3980	011bc597-1473-4f0b-b993-d04f08537d41	f
6ca9e4c2-f0e2-4ef8-a82e-d0d2d5dd3980	76478342-0d1c-46b2-8e60-3325516c4f6c	f
6ca9e4c2-f0e2-4ef8-a82e-d0d2d5dd3980	3f0f3684-ff6c-42a7-b324-fddac92fac5c	f
6ca9e4c2-f0e2-4ef8-a82e-d0d2d5dd3980	a59e81bf-5597-4b2f-8350-a872be07a4c8	f
487a8801-2e4a-41e9-93cc-b9f1d94b5fb0	186d325b-4162-4b24-b9bd-920ddb732ead	t
487a8801-2e4a-41e9-93cc-b9f1d94b5fb0	6c065b4c-8ef9-48c0-9dc5-143b267b3dd7	t
487a8801-2e4a-41e9-93cc-b9f1d94b5fb0	970bf77c-174a-4c4c-a542-7237751df32c	t
487a8801-2e4a-41e9-93cc-b9f1d94b5fb0	9564a076-21f3-4959-9e03-e60b215f6282	t
487a8801-2e4a-41e9-93cc-b9f1d94b5fb0	011bc597-1473-4f0b-b993-d04f08537d41	f
487a8801-2e4a-41e9-93cc-b9f1d94b5fb0	76478342-0d1c-46b2-8e60-3325516c4f6c	f
487a8801-2e4a-41e9-93cc-b9f1d94b5fb0	3f0f3684-ff6c-42a7-b324-fddac92fac5c	f
487a8801-2e4a-41e9-93cc-b9f1d94b5fb0	a59e81bf-5597-4b2f-8350-a872be07a4c8	f
efe5d14e-7328-48e3-bc64-044055d956d6	186d325b-4162-4b24-b9bd-920ddb732ead	t
efe5d14e-7328-48e3-bc64-044055d956d6	6c065b4c-8ef9-48c0-9dc5-143b267b3dd7	t
efe5d14e-7328-48e3-bc64-044055d956d6	970bf77c-174a-4c4c-a542-7237751df32c	t
efe5d14e-7328-48e3-bc64-044055d956d6	9564a076-21f3-4959-9e03-e60b215f6282	t
efe5d14e-7328-48e3-bc64-044055d956d6	011bc597-1473-4f0b-b993-d04f08537d41	f
efe5d14e-7328-48e3-bc64-044055d956d6	76478342-0d1c-46b2-8e60-3325516c4f6c	f
efe5d14e-7328-48e3-bc64-044055d956d6	3f0f3684-ff6c-42a7-b324-fddac92fac5c	f
efe5d14e-7328-48e3-bc64-044055d956d6	a59e81bf-5597-4b2f-8350-a872be07a4c8	f
939543ae-2d5b-4674-97d5-3082082254d9	186d325b-4162-4b24-b9bd-920ddb732ead	t
939543ae-2d5b-4674-97d5-3082082254d9	6c065b4c-8ef9-48c0-9dc5-143b267b3dd7	t
939543ae-2d5b-4674-97d5-3082082254d9	970bf77c-174a-4c4c-a542-7237751df32c	t
939543ae-2d5b-4674-97d5-3082082254d9	9564a076-21f3-4959-9e03-e60b215f6282	t
939543ae-2d5b-4674-97d5-3082082254d9	011bc597-1473-4f0b-b993-d04f08537d41	f
939543ae-2d5b-4674-97d5-3082082254d9	76478342-0d1c-46b2-8e60-3325516c4f6c	f
939543ae-2d5b-4674-97d5-3082082254d9	3f0f3684-ff6c-42a7-b324-fddac92fac5c	f
939543ae-2d5b-4674-97d5-3082082254d9	a59e81bf-5597-4b2f-8350-a872be07a4c8	f
2d3ff9b6-b828-42f9-968e-91abf7b36677	186d325b-4162-4b24-b9bd-920ddb732ead	t
2d3ff9b6-b828-42f9-968e-91abf7b36677	6c065b4c-8ef9-48c0-9dc5-143b267b3dd7	t
2d3ff9b6-b828-42f9-968e-91abf7b36677	970bf77c-174a-4c4c-a542-7237751df32c	t
2d3ff9b6-b828-42f9-968e-91abf7b36677	9564a076-21f3-4959-9e03-e60b215f6282	t
2d3ff9b6-b828-42f9-968e-91abf7b36677	011bc597-1473-4f0b-b993-d04f08537d41	f
2d3ff9b6-b828-42f9-968e-91abf7b36677	76478342-0d1c-46b2-8e60-3325516c4f6c	f
2d3ff9b6-b828-42f9-968e-91abf7b36677	3f0f3684-ff6c-42a7-b324-fddac92fac5c	f
2d3ff9b6-b828-42f9-968e-91abf7b36677	a59e81bf-5597-4b2f-8350-a872be07a4c8	f
eb6de590-cd58-4606-9a83-e7239a375e72	186d325b-4162-4b24-b9bd-920ddb732ead	t
eb6de590-cd58-4606-9a83-e7239a375e72	6c065b4c-8ef9-48c0-9dc5-143b267b3dd7	t
eb6de590-cd58-4606-9a83-e7239a375e72	970bf77c-174a-4c4c-a542-7237751df32c	t
eb6de590-cd58-4606-9a83-e7239a375e72	9564a076-21f3-4959-9e03-e60b215f6282	t
eb6de590-cd58-4606-9a83-e7239a375e72	011bc597-1473-4f0b-b993-d04f08537d41	f
eb6de590-cd58-4606-9a83-e7239a375e72	76478342-0d1c-46b2-8e60-3325516c4f6c	f
eb6de590-cd58-4606-9a83-e7239a375e72	3f0f3684-ff6c-42a7-b324-fddac92fac5c	f
eb6de590-cd58-4606-9a83-e7239a375e72	a59e81bf-5597-4b2f-8350-a872be07a4c8	f
7e143453-b7e0-459c-ae80-d46cfbd42fa9	186d325b-4162-4b24-b9bd-920ddb732ead	t
7e143453-b7e0-459c-ae80-d46cfbd42fa9	6c065b4c-8ef9-48c0-9dc5-143b267b3dd7	t
7e143453-b7e0-459c-ae80-d46cfbd42fa9	970bf77c-174a-4c4c-a542-7237751df32c	t
7e143453-b7e0-459c-ae80-d46cfbd42fa9	9564a076-21f3-4959-9e03-e60b215f6282	t
7e143453-b7e0-459c-ae80-d46cfbd42fa9	011bc597-1473-4f0b-b993-d04f08537d41	f
7e143453-b7e0-459c-ae80-d46cfbd42fa9	76478342-0d1c-46b2-8e60-3325516c4f6c	f
7e143453-b7e0-459c-ae80-d46cfbd42fa9	3f0f3684-ff6c-42a7-b324-fddac92fac5c	f
7e143453-b7e0-459c-ae80-d46cfbd42fa9	a59e81bf-5597-4b2f-8350-a872be07a4c8	f
9096588b-1aa5-47fa-bbe8-3d9e68d93ecd	186d325b-4162-4b24-b9bd-920ddb732ead	t
9096588b-1aa5-47fa-bbe8-3d9e68d93ecd	6c065b4c-8ef9-48c0-9dc5-143b267b3dd7	t
9096588b-1aa5-47fa-bbe8-3d9e68d93ecd	970bf77c-174a-4c4c-a542-7237751df32c	t
9096588b-1aa5-47fa-bbe8-3d9e68d93ecd	9564a076-21f3-4959-9e03-e60b215f6282	t
9096588b-1aa5-47fa-bbe8-3d9e68d93ecd	011bc597-1473-4f0b-b993-d04f08537d41	f
9096588b-1aa5-47fa-bbe8-3d9e68d93ecd	76478342-0d1c-46b2-8e60-3325516c4f6c	f
9096588b-1aa5-47fa-bbe8-3d9e68d93ecd	3f0f3684-ff6c-42a7-b324-fddac92fac5c	f
9096588b-1aa5-47fa-bbe8-3d9e68d93ecd	a59e81bf-5597-4b2f-8350-a872be07a4c8	f
fa6e11e1-b4a4-416c-a47a-ade16483898d	186d325b-4162-4b24-b9bd-920ddb732ead	t
fa6e11e1-b4a4-416c-a47a-ade16483898d	6c065b4c-8ef9-48c0-9dc5-143b267b3dd7	t
fa6e11e1-b4a4-416c-a47a-ade16483898d	970bf77c-174a-4c4c-a542-7237751df32c	t
fa6e11e1-b4a4-416c-a47a-ade16483898d	9564a076-21f3-4959-9e03-e60b215f6282	t
fa6e11e1-b4a4-416c-a47a-ade16483898d	011bc597-1473-4f0b-b993-d04f08537d41	f
fa6e11e1-b4a4-416c-a47a-ade16483898d	76478342-0d1c-46b2-8e60-3325516c4f6c	f
fa6e11e1-b4a4-416c-a47a-ade16483898d	3f0f3684-ff6c-42a7-b324-fddac92fac5c	f
fa6e11e1-b4a4-416c-a47a-ade16483898d	a59e81bf-5597-4b2f-8350-a872be07a4c8	f
7ec55cc3-504a-4787-8e4e-35f3076fb2e8	186d325b-4162-4b24-b9bd-920ddb732ead	t
7ec55cc3-504a-4787-8e4e-35f3076fb2e8	6c065b4c-8ef9-48c0-9dc5-143b267b3dd7	t
7ec55cc3-504a-4787-8e4e-35f3076fb2e8	970bf77c-174a-4c4c-a542-7237751df32c	t
7ec55cc3-504a-4787-8e4e-35f3076fb2e8	9564a076-21f3-4959-9e03-e60b215f6282	t
7ec55cc3-504a-4787-8e4e-35f3076fb2e8	011bc597-1473-4f0b-b993-d04f08537d41	f
7ec55cc3-504a-4787-8e4e-35f3076fb2e8	76478342-0d1c-46b2-8e60-3325516c4f6c	f
7ec55cc3-504a-4787-8e4e-35f3076fb2e8	3f0f3684-ff6c-42a7-b324-fddac92fac5c	f
7ec55cc3-504a-4787-8e4e-35f3076fb2e8	a59e81bf-5597-4b2f-8350-a872be07a4c8	f
d6ae00fa-ed77-4064-90b7-340b8da3316d	186d325b-4162-4b24-b9bd-920ddb732ead	t
d6ae00fa-ed77-4064-90b7-340b8da3316d	6c065b4c-8ef9-48c0-9dc5-143b267b3dd7	t
d6ae00fa-ed77-4064-90b7-340b8da3316d	970bf77c-174a-4c4c-a542-7237751df32c	t
d6ae00fa-ed77-4064-90b7-340b8da3316d	9564a076-21f3-4959-9e03-e60b215f6282	t
d6ae00fa-ed77-4064-90b7-340b8da3316d	011bc597-1473-4f0b-b993-d04f08537d41	f
d6ae00fa-ed77-4064-90b7-340b8da3316d	76478342-0d1c-46b2-8e60-3325516c4f6c	f
d6ae00fa-ed77-4064-90b7-340b8da3316d	3f0f3684-ff6c-42a7-b324-fddac92fac5c	f
d6ae00fa-ed77-4064-90b7-340b8da3316d	a59e81bf-5597-4b2f-8350-a872be07a4c8	f
\.


--
-- Data for Name: client_scope_role_mapping; Type: TABLE DATA; Schema: keycloak; Owner: dan_ms_user
--

COPY keycloak.client_scope_role_mapping (scope_id, role_id) FROM stdin;
2f339a12-ef06-4b8d-8d63-0bf50606b86c	5552277e-0000-4297-9eea-b951f6a8f234
a59e81bf-5597-4b2f-8350-a872be07a4c8	46cc42ae-6b1c-4b1f-8352-1278693ece3b
\.


--
-- Data for Name: client_session; Type: TABLE DATA; Schema: keycloak; Owner: dan_ms_user
--

COPY keycloak.client_session (id, client_id, redirect_uri, state, "timestamp", session_id, auth_method, realm_id, auth_user_id, current_action) FROM stdin;
\.


--
-- Data for Name: client_session_auth_status; Type: TABLE DATA; Schema: keycloak; Owner: dan_ms_user
--

COPY keycloak.client_session_auth_status (authenticator, status, client_session) FROM stdin;
\.


--
-- Data for Name: client_session_note; Type: TABLE DATA; Schema: keycloak; Owner: dan_ms_user
--

COPY keycloak.client_session_note (name, value, client_session) FROM stdin;
\.


--
-- Data for Name: client_session_prot_mapper; Type: TABLE DATA; Schema: keycloak; Owner: dan_ms_user
--

COPY keycloak.client_session_prot_mapper (protocol_mapper_id, client_session) FROM stdin;
\.


--
-- Data for Name: client_session_role; Type: TABLE DATA; Schema: keycloak; Owner: dan_ms_user
--

COPY keycloak.client_session_role (role_id, client_session) FROM stdin;
\.


--
-- Data for Name: client_user_session_note; Type: TABLE DATA; Schema: keycloak; Owner: dan_ms_user
--

COPY keycloak.client_user_session_note (name, value, client_session) FROM stdin;
\.


--
-- Data for Name: component; Type: TABLE DATA; Schema: keycloak; Owner: dan_ms_user
--

COPY keycloak.component (id, name, parent_id, provider_id, provider_type, realm_id, sub_type) FROM stdin;
efe01adb-b67a-4e5b-8abd-9515949ddc5d	Trusted Hosts	master	trusted-hosts	org.keycloak.services.clientregistration.policy.ClientRegistrationPolicy	master	anonymous
09b456fd-644f-4111-999b-c57d16f38f9a	Consent Required	master	consent-required	org.keycloak.services.clientregistration.policy.ClientRegistrationPolicy	master	anonymous
ceda9922-9590-431b-8c7b-43b0aa1f437d	Full Scope Disabled	master	scope	org.keycloak.services.clientregistration.policy.ClientRegistrationPolicy	master	anonymous
b686d717-ca87-4e23-b021-c865edaac690	Max Clients Limit	master	max-clients	org.keycloak.services.clientregistration.policy.ClientRegistrationPolicy	master	anonymous
dac26e88-5756-4a52-adad-a6d74a16613a	Allowed Protocol Mapper Types	master	allowed-protocol-mappers	org.keycloak.services.clientregistration.policy.ClientRegistrationPolicy	master	anonymous
e74c63bc-7ce4-4b68-8390-d49c6d02cea0	Allowed Client Scopes	master	allowed-client-templates	org.keycloak.services.clientregistration.policy.ClientRegistrationPolicy	master	anonymous
fb6b007a-5761-46ab-a9e5-87c302f2476d	Allowed Protocol Mapper Types	master	allowed-protocol-mappers	org.keycloak.services.clientregistration.policy.ClientRegistrationPolicy	master	authenticated
1eaf3e18-5b16-4a2d-8d1b-636dff3b5f5d	Allowed Client Scopes	master	allowed-client-templates	org.keycloak.services.clientregistration.policy.ClientRegistrationPolicy	master	authenticated
a56f87b5-3bd7-41a7-bb20-5e8a762f8acb	rsa-generated	master	rsa-generated	org.keycloak.keys.KeyProvider	master	\N
5cad143d-a8b4-47c5-84e6-1caf49f5ee48	rsa-enc-generated	master	rsa-generated	org.keycloak.keys.KeyProvider	master	\N
d951f0f5-7332-4167-957e-9cbbc22863e6	hmac-generated	master	hmac-generated	org.keycloak.keys.KeyProvider	master	\N
dcfe80db-7958-4f6b-a0e0-42c81f3c020e	aes-generated	master	aes-generated	org.keycloak.keys.KeyProvider	master	\N
9924a7dc-724a-4328-9f60-2c8d76702a3e	rsa-generated	dan	rsa-generated	org.keycloak.keys.KeyProvider	dan	\N
334bdbab-7b48-48ca-b254-e2109fa18803	rsa-enc-generated	dan	rsa-generated	org.keycloak.keys.KeyProvider	dan	\N
5dc19dd7-0921-4cd7-bc23-53bc0d150ceb	hmac-generated	dan	hmac-generated	org.keycloak.keys.KeyProvider	dan	\N
3010ca47-b2c5-473c-a8f8-d2426dc7f5e4	aes-generated	dan	aes-generated	org.keycloak.keys.KeyProvider	dan	\N
e5f67c65-b8e1-4db5-8782-5bcac020bc8e	Trusted Hosts	dan	trusted-hosts	org.keycloak.services.clientregistration.policy.ClientRegistrationPolicy	dan	anonymous
9d742050-f198-4e4b-a819-6a80fdb5ee00	Consent Required	dan	consent-required	org.keycloak.services.clientregistration.policy.ClientRegistrationPolicy	dan	anonymous
e8d6ccf6-4c0f-4df6-92b7-940a310f7c0c	Full Scope Disabled	dan	scope	org.keycloak.services.clientregistration.policy.ClientRegistrationPolicy	dan	anonymous
caa59401-6b6c-47d7-8a9d-d6cffb4fb93b	Max Clients Limit	dan	max-clients	org.keycloak.services.clientregistration.policy.ClientRegistrationPolicy	dan	anonymous
1fab6706-aa76-4c16-9466-168823b633d1	Allowed Protocol Mapper Types	dan	allowed-protocol-mappers	org.keycloak.services.clientregistration.policy.ClientRegistrationPolicy	dan	anonymous
c8d5a4b7-bb15-43f9-8162-e3c63f43d78b	Allowed Client Scopes	dan	allowed-client-templates	org.keycloak.services.clientregistration.policy.ClientRegistrationPolicy	dan	anonymous
13fa7c4f-8360-4909-807c-484a750a2c81	Allowed Protocol Mapper Types	dan	allowed-protocol-mappers	org.keycloak.services.clientregistration.policy.ClientRegistrationPolicy	dan	authenticated
8ff8201c-3576-4a75-b112-93c9495beb69	Allowed Client Scopes	dan	allowed-client-templates	org.keycloak.services.clientregistration.policy.ClientRegistrationPolicy	dan	authenticated
\.


--
-- Data for Name: component_config; Type: TABLE DATA; Schema: keycloak; Owner: dan_ms_user
--

COPY keycloak.component_config (id, component_id, name, value) FROM stdin;
2f369dd6-a7b9-4521-a872-fd05f6ee4ff7	b686d717-ca87-4e23-b021-c865edaac690	max-clients	200
dd383889-f881-40c6-ba0d-b40edecef0cf	efe01adb-b67a-4e5b-8abd-9515949ddc5d	host-sending-registration-request-must-match	true
79b410af-5208-4051-aa9f-a035ce1d7d35	efe01adb-b67a-4e5b-8abd-9515949ddc5d	client-uris-must-match	true
ef483bb3-80ba-4987-9a24-e5495ed63339	1eaf3e18-5b16-4a2d-8d1b-636dff3b5f5d	allow-default-scopes	true
66faaf72-ac47-4313-9864-0c19da8d012a	fb6b007a-5761-46ab-a9e5-87c302f2476d	allowed-protocol-mapper-types	oidc-sha256-pairwise-sub-mapper
baf5f61e-39b6-4a10-8ad0-968caa903e88	fb6b007a-5761-46ab-a9e5-87c302f2476d	allowed-protocol-mapper-types	oidc-address-mapper
ab653519-ea6f-4eeb-90a3-20ef2cb0d1a1	fb6b007a-5761-46ab-a9e5-87c302f2476d	allowed-protocol-mapper-types	oidc-full-name-mapper
a7328455-fb0d-4635-b817-26deacf4f975	fb6b007a-5761-46ab-a9e5-87c302f2476d	allowed-protocol-mapper-types	saml-user-property-mapper
80eee661-57fb-4869-9820-94d7e21bec23	fb6b007a-5761-46ab-a9e5-87c302f2476d	allowed-protocol-mapper-types	oidc-usermodel-property-mapper
9d7a20d8-b502-4941-a581-e29341cdfc31	fb6b007a-5761-46ab-a9e5-87c302f2476d	allowed-protocol-mapper-types	saml-role-list-mapper
756ece68-8ee9-4c03-9178-a1ec57a9ef9c	fb6b007a-5761-46ab-a9e5-87c302f2476d	allowed-protocol-mapper-types	saml-user-attribute-mapper
8784e5b3-5f9d-4673-8d0b-4a1d1637473c	fb6b007a-5761-46ab-a9e5-87c302f2476d	allowed-protocol-mapper-types	oidc-usermodel-attribute-mapper
b90cb108-aef0-4f6c-b6b9-70d6f1cee0dc	e74c63bc-7ce4-4b68-8390-d49c6d02cea0	allow-default-scopes	true
2e81b4a2-f498-4870-9f90-6c53caef01c3	dac26e88-5756-4a52-adad-a6d74a16613a	allowed-protocol-mapper-types	saml-user-attribute-mapper
536c20de-1465-46c1-b162-5bc3b29f4fad	dac26e88-5756-4a52-adad-a6d74a16613a	allowed-protocol-mapper-types	oidc-full-name-mapper
2d6c5554-b30f-414e-85a6-65de9d281ac1	dac26e88-5756-4a52-adad-a6d74a16613a	allowed-protocol-mapper-types	oidc-sha256-pairwise-sub-mapper
35be8d82-31a1-4ee9-a9e1-4dfc50d88ef9	dac26e88-5756-4a52-adad-a6d74a16613a	allowed-protocol-mapper-types	oidc-usermodel-attribute-mapper
af8a2e9c-1b37-4258-9cd4-b73281afe196	dac26e88-5756-4a52-adad-a6d74a16613a	allowed-protocol-mapper-types	oidc-address-mapper
b2968c40-01de-4f18-9a03-d758ca04b9b0	dac26e88-5756-4a52-adad-a6d74a16613a	allowed-protocol-mapper-types	saml-role-list-mapper
c04f8378-9147-4107-8d28-a45c1686159b	dac26e88-5756-4a52-adad-a6d74a16613a	allowed-protocol-mapper-types	saml-user-property-mapper
e9f8a15d-f2c0-4327-9bde-997684113a27	dac26e88-5756-4a52-adad-a6d74a16613a	allowed-protocol-mapper-types	oidc-usermodel-property-mapper
31395fba-b643-4cfc-9248-c1fbc94a9ba4	5cad143d-a8b4-47c5-84e6-1caf49f5ee48	privateKey	MIIEpAIBAAKCAQEAysPZmGTpnLCduhRGwxl5OKcLQBCkqSTmdVFRYAqMufDu6RE6jFI1dp71csf3eH/MAHHrfECNjlJij9Ig6DNP8ABoJuEVBO7DmpzDGLLG2DWJWSHjJFLAMvev9OEGhekiIFhOJCed3LqsbXtHQQczco6vTycCE5rCv03wm0EKU6J+/goo9VMFYwDgZfTPBwShHEa8DzfLvPL7VrhtoHLkepd/fuwrdw6ZjIkLwy7bDbgit4gGyYAVp0zIMGOpc274zdTo+AmGxqurGTFr8CtgL/lNiVCk/GXByiXJ2NLqMJVY+aHyuvzMbDTTnGGuUOUVHgzJLCUUQ8sh4I1DWWbKrQIDAQABAoIBAQCm2qey2kfLYyNIPutEHTA9yGhfndKCRhVHMVWPfN71HCjdrgnJ8tR/+qrse1VP2YpcS2KG6vAR0AW/aCEgMylyzELoy4vqdTiNgLajGmq6/MM7j8FE4Lu8tUocbxhZFdG5YDFdWyRywUKnDS1De9OAT54/uk/hJhdgKZj3iXwf+T3/okgtgYGq0ELYSz2hUz+tkWjpOt7IxyobDkkvuF6rA3CYRBVaBIlJxkLpo/+lC/Mc5meI0MZpEqENeQvsvJdQQ/4HvIYGSNkG1ZbqINTSEPbqwzzGneUPGlHoPRxlYltYSBu78VmqOZXQArQaS0DW96FCsr8EKDyOk1McAKCZAoGBAPZKhsc/6mkdk54xsHM6unpbMOWNZl5BnyW1HUGO+BBMdi+QBUp9vgxrslUQpLSfsJNq9P/2n6x+kbZKmZV9trb9SfK6ZkuzFMKnypqnGhWhsYA+7JIbO+sdeWgmd0S1x1QfUCkMWkDywG8G+1PLtBoQSdI7J4BDaAP4+0fLqCYDAoGBANLCE0oWzpFyXufW88G2DRBHUBR9L6dIFvmhc89Lgghjs/vPZfR5QOPLrA4H/5d3pg7L8f2vVwLHYGJ4jamQYW+n81+HNjvVCk7pM2jr6mtOGn4uHiAuWEFXi6bYyLVBi016LbE+srIUBGAiB2L+VcrOJqX3oG0q6dSNPMcCPoWPAoGAevO3lw6sai9uu0GZEd1WrLCLl31ghluCJKPm6AyEgDZ7pcDjM03Uq4S0MU0uvFEgKGfzyTiIe+dvvK4/P+bTaUTHPtqZKN9M1ORI+63CEtx2rUw8c7AO2JANRNY3ImEREkjTjrpw8A1/za2RmEKQNZa+E6qeTKTZ72nDoBLmbZsCgYAX1F29+MouY9IbQJCbDGx5tLZ3OphSv7HpU7n2bEEtlahaBl8uvy75EqRHidv6UkryTVj1KAgchlJ9j8fkrjB2IXVBDdax+SqLNY7chCAjNdeFAM3jMZpE+RMPMF+xLtIDVpcn/UDTJbRA8lgHd15X6eswxMjczwdVQwrmLXjIPQKBgQC/efAlll+aT9YVFvbdgglGUHMoRA3XSBid/yt7REcMLR1cSLm3fWSR/k/l/LenH1RPhvxg5NdeefaRuEswVAPsV6SgVaAUOEqhS7BIPI/OViymeYAXCi4/kaQtG9qwQ2Lq4UdObdth1gbaXmOTKB/M2jn0kTvN2DSt1D1eyLnaiw==
864ebdad-d32b-4cd8-94ef-e009797f9dbe	5cad143d-a8b4-47c5-84e6-1caf49f5ee48	keyUse	enc
e690b721-fb6f-4d56-8a17-3bbe08b1411d	5cad143d-a8b4-47c5-84e6-1caf49f5ee48	certificate	MIICmzCCAYMCBgF7XOeplzANBgkqhkiG9w0BAQsFADARMQ8wDQYDVQQDDAZtYXN0ZXIwHhcNMjEwODE5MDUzMzExWhcNMzEwODE5MDUzNDUxWjARMQ8wDQYDVQQDDAZtYXN0ZXIwggEiMA0GCSqGSIb3DQEBAQUAA4IBDwAwggEKAoIBAQDKw9mYZOmcsJ26FEbDGXk4pwtAEKSpJOZ1UVFgCoy58O7pETqMUjV2nvVyx/d4f8wAcet8QI2OUmKP0iDoM0/wAGgm4RUE7sOanMMYssbYNYlZIeMkUsAy96/04QaF6SIgWE4kJ53cuqxte0dBBzNyjq9PJwITmsK/TfCbQQpTon7+Cij1UwVjAOBl9M8HBKEcRrwPN8u88vtWuG2gcuR6l39+7Ct3DpmMiQvDLtsNuCK3iAbJgBWnTMgwY6lzbvjN1Oj4CYbGq6sZMWvwK2Av+U2JUKT8ZcHKJcnY0uowlVj5ofK6/MxsNNOcYa5Q5RUeDMksJRRDyyHgjUNZZsqtAgMBAAEwDQYJKoZIhvcNAQELBQADggEBADYVVeQnwYbDIHAEI1S6XgrHxb54enmbqRXBMScxzRZ8rDZWGK6Ls7srPRnxEZuuYzA3qSCVL47D+n99n7qwsDFn42UaqeNu2Te21etolRpM+ptZHpZlKFMR8uN5XS+4ZRD/R/4wklFH3aUv7DP3DmiZw71SgkIOS0UFL1bAXAUJcgoeqF4NDwqCoFGTi5XqEnayRlVmbVqVqIoCRwV8fPPMyaA/CKXsUbhmP5PSxknvtq9VAq7rM5v6q9yJ2wdvezN8iiCLWU/Dj7rD7DBaUAI9eeZuwGIXO2BO1x2LCoWH55Rv7+peFRJ69ohEOoj9dyIdJ2hfMJE9dFQZ7FNJ2vw=
9c122dc0-bba4-4fb0-8930-867462efccbf	5cad143d-a8b4-47c5-84e6-1caf49f5ee48	priority	100
a75559c5-d18d-4227-829a-9eee09e0e516	d951f0f5-7332-4167-957e-9cbbc22863e6	priority	100
85304ffe-6b08-4c48-9e9e-662d3fe72902	d951f0f5-7332-4167-957e-9cbbc22863e6	kid	d226b967-c3a4-4850-a38a-baf301c19982
3316f8a8-cba5-4bcc-ba46-8a1249e7c1cf	d951f0f5-7332-4167-957e-9cbbc22863e6	secret	cWzEs71RDWfjvvHwb6ISW8MzLV8ZjH2fsd91CjUuMMsdt6gtosyc4fvlt8hY2s4RdnDDYq6IpO66mP_o2aPS4w
a269695f-70d1-4a10-a39b-941285dcb2ea	d951f0f5-7332-4167-957e-9cbbc22863e6	algorithm	HS256
03a2eccc-ef6c-465b-8759-3e5e3f28cb56	334bdbab-7b48-48ca-b254-e2109fa18803	certificate	MIIClTCCAX0CBgF7XOrCOjANBgkqhkiG9w0BAQsFADAOMQwwCgYDVQQDDANkYW4wHhcNMjEwODE5MDUzNjM0WhcNMzEwODE5MDUzODE0WjAOMQwwCgYDVQQDDANkYW4wggEiMA0GCSqGSIb3DQEBAQUAA4IBDwAwggEKAoIBAQCcJb4iblNGPUETJNTr0UEf9shL/TfxkoZnhoy3RW8uYibMQG2uPVJwY3mO1Ehu4CqEYfQTxHHkSnFDaWvuX6OzhH5IRVWCnf2kfA+77Etohjxab0TyHVUUPkm3TGXRDrS5+HIGrnceRaMoxr8K5KuIGJpMvrjc3GC6/BkVoIYsCv86L/YW8z4G+lxRn4dYY+0DwSn+MxUKPpE6pn2oSgd1eFn2NPnDP8J0arK8+qJ2/gvox7kdX9tnNph24JJjZtDZNVedbbpFs5syrpLVco3P+P8Qxf5M31Mo/tmBsrlqBTN1pjX3/AgzUCLDEFQ7YH7t93LQWa8tBNPSKOZ5Zju9AgMBAAEwDQYJKoZIhvcNAQELBQADggEBABWdEryId+CY8GMRGJ+JxKpqOP8bzrLexn8p0tFhG1jGGfKPsuYsNYd4kYwVddIvp51SXxTNNYWHJ7W0AbBKaNRW/Ni+9jys6sq/KIXtVYVPOzUn3M/dSraPWdIi5AfA2glfWbgGq6COQMXRw4ZNOjXEAzuybZpEwTeNVjj6tWN0XQjr9dB3YxEJTKd9CWQ5DD4i1EESskXQ7pWKSjn7nx/g1b0y0GJHWwe+81LGcilAlFlOkyXFnUp/0NQ/Bcp+cYxgEENB5zvScd8yMkAlnU2PZQJk6uPbWgzsZAFunc1BhnNmKTcSp2B0bpSafJlPN/SP09UrbZDKhDQeW8AouUQ=
a33f8afd-7599-4cad-aa32-85c54501246c	a56f87b5-3bd7-41a7-bb20-5e8a762f8acb	privateKey	MIIEowIBAAKCAQEAnaFVVuoeEyGUpAf9wDucMu+KoX4Y7RmK2+xT7alAfyveE3fggHZfB+QTog2Bz7w3380j0lOAc/QjMyzshANu+7sXtBBYu6mWROY/XynppNT/OyvKuhdG0RT1tyiopZZNsFdK2XeY6sLFCVD8VCRCh5V/5rl10PKzPPzCHY2Imij4pRQnbislt/SwKyQ53cPczHHB6kHnMHzcR2I2ldSuZv2bDPlvswtyhkyr+sk3sfERZykFAnrejwyXsHWI7xaZYUHlfdnyXFK0GttIEjZYBw2q/10QqNZ6KggqnSRhquxxaBk0QVToWK/fA9kqfyE7EHVjOPpSjv7KS90R2sRpSwIDAQABAoIBADo66R2sauPCWfimgxTKcI9YcivqOycLcoJ/sRlwlsTj3avvct3B3KU7mg0ZVET7UOC6FWuTMTakj4ROKikyY4NWwBDioQTiRwK409xBzW/4xziCmudXxe9jAMpimLpi5dwowxvG1JSU0tj4M96ZboJLte3zwRQpNBFphgQIztezhpWRhEKj2lMlWPv91YAJ/WEyt9HCX0GR+BkyLx7CCVQxMewTdeyuC6sqRYPv7bjGa+ePAE3Wsc07gnYqDcZvzvXiMbxXUjitx8pvRUlBziHjLWhO0w3T+vLUgGrT6UjLFmIGuDZZbU3Fy4qXioU11sfvIezqnG8K/wyPyE8RMVECgYEA/Pmog4L8o6d7bf+Kt932o4+7la/Wjl7mDmQ6h2m9urQ4M2E/VgrxpTo7U3xiTraBZrxGhslNmVVd3Rcdck5DtEWzHZKt4xisxWUHEoLytUduuAu+TCGcsxq7sEtNLJ8jymRSDiD1JxODiQkAhbY7vnTbbSUlojdSnSMFFgwOUmcCgYEAn4PUbo9VXlAs/xLjyTTz44ggGAFhYBgl4DtRuUVpvx8Ld9CNejJ0BE/q2T4IUUHGHRnh7GsOGgUoUEo+enw4dJS0PRMRV+ia0xwHAqZuYgRRXQlxWREfaylxn0XYmhBeeb7i5JkHYUP0w/Jliv8+ZOyUQLAnPMq5qwSF9hwOS30CgYEA9V7263COufIGT6Awnb0msGkGqt7ePkOf40+mUZfn1oNdi8CEnWGKFxhPWN/pvq1ZABwYUD5LDTH3FC6KekeddeqxHDscfIx/cAtY+8SVw+1gYBXL464qfrKsYAf5+BD3tyTtThT7lIZh6/YWUpt6gXZ5Kvl/8kK02AOSuFrDPXsCgYBEC+OyKjjbm84mHbPIIGut82LleqlEaei2Z/er1j2PBzpIKVJA/4bYVBM2Cy1XJHzT6zeiN+TzGqIg5hsS+yzGJq1gpGKwooxxZDJlYgQSkg73ZlDREunZN/u9WvlUd4kl3FVD+TfZuTiP4jaI/etq+DUiB0MlvsFHgA15eGxsrQKBgHDZT2b4o+23MRM6lt81QH47TNckk6TZPAKPoqBC4tDlP0FJSgMptHvVFW8c4+B2R62wk35dSdHDlZjsFf90AC2+rwvBYB7ZYBiWJqr2i/GJCTbH6wisSycDzAGOWljRNZbIUWHK4gdXlwAEH9YN1h//kHR29RqTam1J7aIoY7ZA
4e2bb156-b5f8-4c66-af7d-2b66917aff56	a56f87b5-3bd7-41a7-bb20-5e8a762f8acb	certificate	MIICmzCCAYMCBgF7XOeogTANBgkqhkiG9w0BAQsFADARMQ8wDQYDVQQDDAZtYXN0ZXIwHhcNMjEwODE5MDUzMzExWhcNMzEwODE5MDUzNDUxWjARMQ8wDQYDVQQDDAZtYXN0ZXIwggEiMA0GCSqGSIb3DQEBAQUAA4IBDwAwggEKAoIBAQCdoVVW6h4TIZSkB/3AO5wy74qhfhjtGYrb7FPtqUB/K94Td+CAdl8H5BOiDYHPvDffzSPSU4Bz9CMzLOyEA277uxe0EFi7qZZE5j9fKemk1P87K8q6F0bRFPW3KKillk2wV0rZd5jqwsUJUPxUJEKHlX/muXXQ8rM8/MIdjYiaKPilFCduKyW39LArJDndw9zMccHqQecwfNxHYjaV1K5m/ZsM+W+zC3KGTKv6yTex8RFnKQUCet6PDJewdYjvFplhQeV92fJcUrQa20gSNlgHDar/XRCo1noqCCqdJGGq7HFoGTRBVOhYr98D2Sp/ITsQdWM4+lKO/spL3RHaxGlLAgMBAAEwDQYJKoZIhvcNAQELBQADggEBAHGwTbUHijXgmeUpVt5JRDNEBvbLj9R+LxTU4fE9ZM8uO7kNAdRBOwGSntA+YjiVtpxFRwFtHlQXqV4cUlH/RT3jQhbt4h5iGr7wSQvQ/YAUArJDMRfBzrmrVf9InL3K/bhh55YS5ra89SYKoNwVEFSDvhddR4kvGZusAcZD6ZFFmIs24jDh8s9H2lfdIJS4qz0cNmBxo7YHDWf6tbdYj7aajpYFrjClONSsp4h6ElhMxdHvnRJx3ESxxZsNOAJNI1pCtzkdugMysfKmXBixCZVO7eWcyu32sXvrsr6YOmf+JLsJhS1xdrHGP2O++qzHLLrN+PO0me/JrDfy5lYcZV0=
ccf0fa42-d53e-4e47-a229-b30be5c49313	a56f87b5-3bd7-41a7-bb20-5e8a762f8acb	keyUse	sig
58ca3b6e-9525-47b8-8e11-7114c865b7b2	a56f87b5-3bd7-41a7-bb20-5e8a762f8acb	priority	100
1e8dff8e-446f-4d29-8d66-3c8310613b5f	dcfe80db-7958-4f6b-a0e0-42c81f3c020e	priority	100
c5424af4-e31b-4775-ab9f-bceb521356f2	dcfe80db-7958-4f6b-a0e0-42c81f3c020e	secret	y1evn-YthO6_wI8N7C0nTw
9bf8896b-d401-4ee0-a3d0-e18e70e9393d	dcfe80db-7958-4f6b-a0e0-42c81f3c020e	kid	159123b2-0e14-4495-a90d-1472640cb95b
13977c6e-2b9e-4864-b589-025977f88020	9924a7dc-724a-4328-9f60-2c8d76702a3e	certificate	MIIClTCCAX0CBgF7XOrBpTANBgkqhkiG9w0BAQsFADAOMQwwCgYDVQQDDANkYW4wHhcNMjEwODE5MDUzNjM0WhcNMzEwODE5MDUzODE0WjAOMQwwCgYDVQQDDANkYW4wggEiMA0GCSqGSIb3DQEBAQUAA4IBDwAwggEKAoIBAQCGrGqkYhVBEtzwhj2QH7VCeFEGZB/GYVTyfsDO1hqE3gjQwO8UJMzhoT02mKqJKVi4OBuuLKCTFbDg6u5Fu3nJlAs33hGCyVL0Kqn7IisuRruWOzyn75aHnumZkxzzKNpOkuz/cQMQJ4oNtQZzCvkCARQ8cv+GxWbma9+QgUSt8smgFRj3vqsN77PMjGjIIEoX2+6lEjMe4y+Ga+F3ujDXfbQqkjPxJjD5lDF0T/dmkF/wsm8f3C/0Sm2kF6bVzQxtpm/e5O3O6LhHk26lUcf34GECczJZm+PmZXlf4NUg5wba/cQVLJFiJ977CTEHyuIY2Rh5JJQKWkEcTlhFhlnJAgMBAAEwDQYJKoZIhvcNAQELBQADggEBADOxfJXRVHd3Lty8tGNeOO1xm+iOUsn9IxM79RZ5X0c1qH5CYHcZ/7cFIK76rFtHeUFf9ZEX9nykdudmx5xUvhjRSULo/57zspy3ouEtoVEaiEhnZNQf/d9ormeDDSaPMFLqXbG/F4dselWpkwbeRkaQPJxgAvGGFtgZhBornnRGHWoxoyNoDD8lyv/QHKkESg7Ei78ZxIwSdB1Y7OZAHZ/b4DKFjSaNEAJYp2HJyMp7r2C8yGAVDtPmRD+j6GvXzfnAQ19eEPHM/jhqeKIAB1YRL3+Cf+UlaVQ/n7WydxSiLb2UydpC1/Xm5/x2mUZg/ghJVHz2wV1yd9Y1Igu9S+4=
efcdb19d-6c37-4fe7-8f9c-5e505eb5c660	9924a7dc-724a-4328-9f60-2c8d76702a3e	privateKey	MIIEogIBAAKCAQEAhqxqpGIVQRLc8IY9kB+1QnhRBmQfxmFU8n7AztYahN4I0MDvFCTM4aE9NpiqiSlYuDgbriygkxWw4OruRbt5yZQLN94RgslS9Cqp+yIrLka7ljs8p++Wh57pmZMc8yjaTpLs/3EDECeKDbUGcwr5AgEUPHL/hsVm5mvfkIFErfLJoBUY976rDe+zzIxoyCBKF9vupRIzHuMvhmvhd7ow1320KpIz8SYw+ZQxdE/3ZpBf8LJvH9wv9EptpBem1c0MbaZv3uTtzui4R5NupVHH9+BhAnMyWZvj5mV5X+DVIOcG2v3EFSyRYife+wkxB8riGNkYeSSUClpBHE5YRYZZyQIDAQABAoIBABgoXYjXP1DI/XD345sy1OTziDVJSJnhY8eMDTINHfyvh41Kzpgicc4Xik982zp3fD6vceewga1gurXd7pf7pUEPmWOQJjv7uTGrZYpy+qP2dDfisGK/i5UQYH738L19mot1t6WqtA31ycHjsyB322sMnoCpcETQrECxIQ1e4t8A5r7SY8YBjFAt/qOnt2JBV/OrMNBZ3ta6E394zwKpe2cUexZJEcOqfGR6J5ZrdMIMQ21lnBDDZASwLmx2QXdfhx84XrrAXJsxtuGLOATGvb1vQzDnhqHbsYwpLfZdTFFSqRwLM+gK8jeZV1IMalgOOSzPkEfWr9RBlAkueLICqAECgYEA2sXfzGbBmJyrtto/W50LYzCV7ihG6tmNezAKQDIC4YtTq+HHi8LGvHtMqdRlWKwEpbmgrvp1UVcTDh8QgJ8pxpbWoZMe6Rcf0eCOAgzaWHZiWq41Zs/TZvR+Qk5E4aHUk/gCHfZQvlMHXJ2psuB7s8mUwJT/pyuuZqD+ZrJMSAkCgYEAnZcGpEWdSzJpuuKocee765XDKRaP5Qu9ItbakGK2C5rovnJWSMkm7EjUM7sG3BrGJHJHHR86sMujfTVQA4KoiCciE7zEjThjNDPup+nvrAojKUEbOYVgldwnoE0H0K9DWTgTxyZJnSxRDMl5s+MBzirXWhTx+fVf+qZ2JEJoc8ECgYBdQvFOz5dEGbXR82QDCAWsuS+RITZqM2fu1eHoz+kOgTigE1XfrJ7QBrf9xf+WN26bv3BSZ47PqBEFehSs4C0M7Yx9wJvyvdrgu5uOIDCMeZsgERfOxlXWk++nEHqovTZEBfvRDgoJuJdw0f1ftfbGA+8X0ezSNPrZ4VPSL7v5EQKBgB4zBevPB2CUrZxJuTvyy5lO3tJt529eO4WEpOfMctRwgC+W26AhJBtdrYSoT504aEYtvCEBjg65R4BECixSCpfk3+vmXcguSRyE4zQ8aViPrMNIHb59J9AwG0vl1xyPqZlcXLXqSWscRf/sUC0/0GXA4fn6T5C2DAmNgtBaBYhBAoGAd9KD/vpDOengyF6mvY0AhQP0r0uqrhaLFESfks7hstyiTC2TA6FICuFuaOjLsGYIUsBZy3wxu/S3Adf0P6MelW37/8p9bs84eLtixN2+cAf/sWGHhNc4UOvckpeqIeVWtLQ2MX+FYqLleCitfzxeZzzS2nMsU83vcnNim/AozOs=
6bd1d654-57c5-4d79-b7dc-7cf8d639ad97	9924a7dc-724a-4328-9f60-2c8d76702a3e	keyUse	sig
35b8072a-8766-476e-a97b-390e965a90af	9924a7dc-724a-4328-9f60-2c8d76702a3e	priority	100
fbface07-604f-4db4-9a50-d04f4820a6d7	3010ca47-b2c5-473c-a8f8-d2426dc7f5e4	priority	100
6105a91b-b662-4f59-a306-eea71c9cfee1	3010ca47-b2c5-473c-a8f8-d2426dc7f5e4	kid	def5bda6-ae91-459f-835f-c8cf98b64aeb
2a1f54bb-9c26-462e-a030-d2d47b119046	3010ca47-b2c5-473c-a8f8-d2426dc7f5e4	secret	q3mzAQc55-F_LHt7TEQdGw
4df47cee-77c1-421d-902f-9be758e7e7d4	5dc19dd7-0921-4cd7-bc23-53bc0d150ceb	priority	100
d9b7dff3-db55-4cc9-9237-1066c9d3c9ca	5dc19dd7-0921-4cd7-bc23-53bc0d150ceb	secret	p_ieI5jTD3qCE_94wqSG0E77Za68AgFFUAQ1HFwhKgfeg3em-gCJcfvbYsROzZKIOSjgbaDK-YsKxCBfHgMtDw
1de53a2a-330b-4158-913e-33991a849458	5dc19dd7-0921-4cd7-bc23-53bc0d150ceb	algorithm	HS256
161b1010-c22c-46cb-aac1-22fd2bd3b1c8	5dc19dd7-0921-4cd7-bc23-53bc0d150ceb	kid	f47827c0-ce0e-4074-abdf-3b904cc7309d
b396f8d3-1c63-437e-8936-b35e0c805baa	334bdbab-7b48-48ca-b254-e2109fa18803	keyUse	enc
3f357443-6e01-4fee-87a0-dab6562d033b	334bdbab-7b48-48ca-b254-e2109fa18803	priority	100
c3e943f9-93e8-4789-9995-833d6d920695	334bdbab-7b48-48ca-b254-e2109fa18803	privateKey	MIIEowIBAAKCAQEAnCW+Im5TRj1BEyTU69FBH/bIS/038ZKGZ4aMt0VvLmImzEBtrj1ScGN5jtRIbuAqhGH0E8Rx5EpxQ2lr7l+js4R+SEVVgp39pHwPu+xLaIY8Wm9E8h1VFD5Jt0xl0Q60ufhyBq53HkWjKMa/CuSriBiaTL643NxguvwZFaCGLAr/Oi/2FvM+BvpcUZ+HWGPtA8Ep/jMVCj6ROqZ9qEoHdXhZ9jT5wz/CdGqyvPqidv4L6Me5HV/bZzaYduCSY2bQ2TVXnW26RbObMq6S1XKNz/j/EMX+TN9TKP7ZgbK5agUzdaY19/wIM1AiwxBUO2B+7fdy0FmvLQTT0ijmeWY7vQIDAQABAoIBACV7mezB9xOBWMGzsbj5/lwh7WrwWiGPPtxTHCxSaqIDxbR6MtoEtmlsN53lr42OGia1LNYh7gUTKaU5BUOviahqQbYvjptQObbmYRCHZIKu1oYO98n26Jl3alKp8DcDBLcvwI+CCe4mYUhEjU+cHOEKpt+NWOsLq9y2736Vjh+8FA2zK6Fo6Tl+J9B2OaZ/KliVm03awB73osOrOqCElHBXo5j/Ei7sAb0kd2TC1Jw+Wa0Yt7ChyUpXioWtVsMsC4JcyQ6KlD4CQkBx3RZ5sQwnU/M01VDUvvugkWGpILlRL2i/JTjlbLFSTsTD2UtGewcVrBhHHCd3rOt/Gb8oawECgYEAzDs57TRlWJRClvPYuWugcb1qB0HeFv4kg4TASPMfNiW1J2BxAFvtAGb4jTXww9J/NdeCV0wrlmbTjhwIkzgeC9r9qKgechyNQiCQj4aXVFHe4vP0AZmJTa/XFEVI11Z545wyrA2v8RS7qwAcjIVD6ZAP6QWmOFy58dGes+wRc1ECgYEAw7pNsIxNBgTrsRSlo5q8kXmAiO+nn/bBkVWZKrAaZjkcHKOmwxX9afd5fjm9fxrpW5ObnShWBSVYOK3mszNPTMwX3R5B5KDPYhMG0NuJSKDrTugmRT/EauC4pRw32uBq0e70YqpFOt/ZZZ3O59CsEeySJzaiNUp4PpLtcJyG7q0CgYBShaftWduNhDK37gXnPj7RVpjuH8ZOghhc8BoGH/6/kVL2eziNzZchL3pFDMOhTH/MUK1A+u0t05St+lPYsLcrUSxnpq7OqwzE6IWhCOBC2OX3zF0O/GwHcQK2FRzOrgmIV8f9z3YFMrx15xCiEwMS7/wNyxOT+JvFw06eIsgWUQKBgQC7nEHJv8I4ydCtzY+0Eac8fk2BdM6lG16Rk44ch+7WG1nh7c/0YYil4SwYnPoR8tbKC+P2sWo6xoAY3EAtdzpE78DUF6OrpaUDah93ZWfjMTQ8T3QXnrcEh2EWCsVTTRe3ISgpxvJTK6xzpd9k/vVgvPWfFtRG5pn5yNZFwhPohQKBgCOsXAhhp4Kxx1NYetgVagfG7EnA9lDm47Zc4eY1JSGeS5tNsLI9HrlHj47+dxKr5YUNqSAv1ibrvvTj+UCMM4nmE5Zn6sVcekRvOrgKnTuXOUCkcCTlh0mKfWnosjvkTChzrc0TnTcsa+YVPZOnHoQQ0ASAFuORXJ4lIvyPgEJ/
b7dc0a34-d825-4d3e-bf71-a9469c05d3ab	e5f67c65-b8e1-4db5-8782-5bcac020bc8e	host-sending-registration-request-must-match	true
a5301b6c-790a-4235-a0f8-0e630f9407d8	e5f67c65-b8e1-4db5-8782-5bcac020bc8e	client-uris-must-match	true
3ca019dc-c071-45e1-b5bd-898d43980356	8ff8201c-3576-4a75-b112-93c9495beb69	allow-default-scopes	true
40338297-a6f8-43ea-8463-41c06d275f25	caa59401-6b6c-47d7-8a9d-d6cffb4fb93b	max-clients	200
c40f7930-40e0-47da-ae44-3d38887df77d	13fa7c4f-8360-4909-807c-484a750a2c81	allowed-protocol-mapper-types	oidc-usermodel-attribute-mapper
6c722b44-c83e-45bd-9b54-a09e7a99ee0b	13fa7c4f-8360-4909-807c-484a750a2c81	allowed-protocol-mapper-types	oidc-full-name-mapper
bcc79203-26e4-4250-ab16-1d32ab900d00	13fa7c4f-8360-4909-807c-484a750a2c81	allowed-protocol-mapper-types	saml-role-list-mapper
7788dbc2-dd2e-4283-ab15-45d85fc841cf	13fa7c4f-8360-4909-807c-484a750a2c81	allowed-protocol-mapper-types	oidc-usermodel-property-mapper
14e08952-e583-49f9-a1ff-ae511082f640	13fa7c4f-8360-4909-807c-484a750a2c81	allowed-protocol-mapper-types	oidc-address-mapper
37f01d46-1294-4105-b433-3a04d442cb26	13fa7c4f-8360-4909-807c-484a750a2c81	allowed-protocol-mapper-types	oidc-sha256-pairwise-sub-mapper
5dd0afb3-092d-471e-8adf-16ca0b374b7c	13fa7c4f-8360-4909-807c-484a750a2c81	allowed-protocol-mapper-types	saml-user-attribute-mapper
2a06baa0-3579-4e80-992b-c952548a9ae3	13fa7c4f-8360-4909-807c-484a750a2c81	allowed-protocol-mapper-types	saml-user-property-mapper
ac437e83-95aa-4897-aa4e-b64a5631765c	1fab6706-aa76-4c16-9466-168823b633d1	allowed-protocol-mapper-types	oidc-full-name-mapper
cbe35723-4ea0-42bf-b97d-6c3ff4d6e9f4	1fab6706-aa76-4c16-9466-168823b633d1	allowed-protocol-mapper-types	oidc-sha256-pairwise-sub-mapper
8a466560-153f-4019-a78f-8acd9f919c1f	1fab6706-aa76-4c16-9466-168823b633d1	allowed-protocol-mapper-types	oidc-usermodel-attribute-mapper
2c173946-183d-4300-ab12-7c2096b8acae	1fab6706-aa76-4c16-9466-168823b633d1	allowed-protocol-mapper-types	saml-user-attribute-mapper
f3688663-e9ba-439b-baa0-0f46d557da10	1fab6706-aa76-4c16-9466-168823b633d1	allowed-protocol-mapper-types	saml-user-property-mapper
a22e6b76-3cdd-4859-8b65-0d9b03ab6243	1fab6706-aa76-4c16-9466-168823b633d1	allowed-protocol-mapper-types	oidc-address-mapper
12ef43cc-3c2f-4aae-b23f-ecb013d2dc6b	1fab6706-aa76-4c16-9466-168823b633d1	allowed-protocol-mapper-types	oidc-usermodel-property-mapper
5d79142c-30f8-4d91-a472-17efd56611b0	1fab6706-aa76-4c16-9466-168823b633d1	allowed-protocol-mapper-types	saml-role-list-mapper
15252300-eeb2-4dac-aeb5-c53fcfa4b0b5	c8d5a4b7-bb15-43f9-8162-e3c63f43d78b	allow-default-scopes	true
\.


--
-- Data for Name: composite_role; Type: TABLE DATA; Schema: keycloak; Owner: dan_ms_user
--

COPY keycloak.composite_role (composite, child_role) FROM stdin;
93e15752-f9d8-481b-8bb6-6a54a8710194	5618261f-0e50-4cfa-8798-23ecccff8012
93e15752-f9d8-481b-8bb6-6a54a8710194	9b356c20-0709-4117-a259-f8ace3b8ccbc
93e15752-f9d8-481b-8bb6-6a54a8710194	e806f6a7-c75f-4c16-8e96-06c2b10995db
93e15752-f9d8-481b-8bb6-6a54a8710194	9f8fa5cf-1e46-48db-ae5e-f8b5a2b18b2e
93e15752-f9d8-481b-8bb6-6a54a8710194	8d17a0c3-ad83-4f84-b09a-175ae7eec7a0
93e15752-f9d8-481b-8bb6-6a54a8710194	421c1ad1-fea9-440a-9b1a-4465a64e6bb6
93e15752-f9d8-481b-8bb6-6a54a8710194	9778efe7-40ba-496a-8556-56dfa0931b5e
93e15752-f9d8-481b-8bb6-6a54a8710194	cdd84495-893d-4c34-bc48-de7a3f3cb643
93e15752-f9d8-481b-8bb6-6a54a8710194	a9f368b7-c22a-4710-8128-e72279e4d3ea
93e15752-f9d8-481b-8bb6-6a54a8710194	ff804899-7d69-43dc-b06c-ab7b8e8e15f6
93e15752-f9d8-481b-8bb6-6a54a8710194	3869d3b9-d47b-4555-8b0c-71f762db41c9
93e15752-f9d8-481b-8bb6-6a54a8710194	9992b440-457e-4630-8085-5ca2bbda9492
93e15752-f9d8-481b-8bb6-6a54a8710194	98f4df80-5a84-46a3-bb65-d602352a6b9b
93e15752-f9d8-481b-8bb6-6a54a8710194	d6d33058-6b33-4b7f-9f5a-a9e0f067d1ea
93e15752-f9d8-481b-8bb6-6a54a8710194	a7f18bc2-cfc0-48c3-9991-f35ed3c5feb0
93e15752-f9d8-481b-8bb6-6a54a8710194	5bc27684-de62-438b-8811-4aa59f0df49c
93e15752-f9d8-481b-8bb6-6a54a8710194	22b0434d-8d29-45fe-b03f-b7071714f467
93e15752-f9d8-481b-8bb6-6a54a8710194	27666c58-8c20-42a8-bb86-673c3170cc92
8d17a0c3-ad83-4f84-b09a-175ae7eec7a0	5bc27684-de62-438b-8811-4aa59f0df49c
9f8fa5cf-1e46-48db-ae5e-f8b5a2b18b2e	27666c58-8c20-42a8-bb86-673c3170cc92
9f8fa5cf-1e46-48db-ae5e-f8b5a2b18b2e	a7f18bc2-cfc0-48c3-9991-f35ed3c5feb0
b639700d-ecb1-401f-ae49-ef125df450b5	b8a933e2-bbed-487a-b329-c25a06453cd8
b639700d-ecb1-401f-ae49-ef125df450b5	dc3bae46-f90b-4603-820c-c6b384864e76
dc3bae46-f90b-4603-820c-c6b384864e76	497ebe8d-cde8-4f32-a8ce-4245321c27af
e7ed2670-3d51-47e4-ae3d-1b6d4264cb4a	459c5caf-e327-4419-9e14-73dfe5c8f331
93e15752-f9d8-481b-8bb6-6a54a8710194	a2ffc07a-a878-43bb-9d95-40088b6db31a
b639700d-ecb1-401f-ae49-ef125df450b5	5552277e-0000-4297-9eea-b951f6a8f234
b639700d-ecb1-401f-ae49-ef125df450b5	d88df37b-01a1-46e6-97f7-a80a7dc0a546
93e15752-f9d8-481b-8bb6-6a54a8710194	5e0747dc-f0c4-4018-9740-d94da983ebb1
93e15752-f9d8-481b-8bb6-6a54a8710194	70cdc985-9232-4239-954e-0bd49aca7da3
93e15752-f9d8-481b-8bb6-6a54a8710194	4a3c2b99-3efa-474c-b7b6-f86922e90269
93e15752-f9d8-481b-8bb6-6a54a8710194	3c90ff18-ca47-49fe-8ab3-c3616c155b66
93e15752-f9d8-481b-8bb6-6a54a8710194	124461ab-597b-4779-96dc-dbc0f3da2add
93e15752-f9d8-481b-8bb6-6a54a8710194	3cf3b143-d71e-4a2d-978e-2d808068c2c5
93e15752-f9d8-481b-8bb6-6a54a8710194	5b1b4dac-eaa5-419d-912a-ecbc4c180b21
93e15752-f9d8-481b-8bb6-6a54a8710194	9e2ac968-1d9e-47ca-83fc-322679554486
93e15752-f9d8-481b-8bb6-6a54a8710194	ae450dfa-4293-4ae4-a2f8-2b9fbc718348
93e15752-f9d8-481b-8bb6-6a54a8710194	a9444e17-000a-47b1-8d62-749756d7eda7
93e15752-f9d8-481b-8bb6-6a54a8710194	0e33e682-e233-4f5c-828a-1a9a0266958a
93e15752-f9d8-481b-8bb6-6a54a8710194	0bf21546-d397-46ff-a40e-debc471884ba
93e15752-f9d8-481b-8bb6-6a54a8710194	b7e77d20-6c89-4f97-9315-e576df5f2bf8
93e15752-f9d8-481b-8bb6-6a54a8710194	64c3361a-2c6b-4a05-a7a4-2b03a366fe49
93e15752-f9d8-481b-8bb6-6a54a8710194	bdf5dfe0-5078-4cbb-b7fe-fe4dac657932
93e15752-f9d8-481b-8bb6-6a54a8710194	6ea17cfc-9ae8-4cad-b390-511a1dc82fad
93e15752-f9d8-481b-8bb6-6a54a8710194	df52d8af-7d52-4f9e-b5a3-c8ac31970410
3c90ff18-ca47-49fe-8ab3-c3616c155b66	bdf5dfe0-5078-4cbb-b7fe-fe4dac657932
4a3c2b99-3efa-474c-b7b6-f86922e90269	df52d8af-7d52-4f9e-b5a3-c8ac31970410
4a3c2b99-3efa-474c-b7b6-f86922e90269	64c3361a-2c6b-4a05-a7a4-2b03a366fe49
4840b0d0-450a-4c62-8501-267c6ae6f81c	4f2623c9-5d4e-4302-bca3-86c37edc39b7
4840b0d0-450a-4c62-8501-267c6ae6f81c	fc499437-5084-4c20-97bf-13b6160934c0
4840b0d0-450a-4c62-8501-267c6ae6f81c	62f66f8d-e925-46ce-9419-7cb9f0678ae7
4840b0d0-450a-4c62-8501-267c6ae6f81c	b1101cae-4b7d-479c-8fb6-b74d9a58ad12
4840b0d0-450a-4c62-8501-267c6ae6f81c	842a0742-83d2-4825-8e3a-cf919a6e9ca8
4840b0d0-450a-4c62-8501-267c6ae6f81c	d3acc3a8-5833-4cf8-bb95-652d58edc805
4840b0d0-450a-4c62-8501-267c6ae6f81c	eda7203a-bcbd-4e0f-acaf-82ee229d1516
4840b0d0-450a-4c62-8501-267c6ae6f81c	b51391f8-98c6-4548-9eca-888157a1adc4
4840b0d0-450a-4c62-8501-267c6ae6f81c	4ff8753f-d84c-48fd-9aea-f4af11bd9712
4840b0d0-450a-4c62-8501-267c6ae6f81c	9b153f25-1d14-4bcc-a403-a5cf2ad0dc92
4840b0d0-450a-4c62-8501-267c6ae6f81c	2481a1ba-96ba-4049-abe2-4fc53052265a
4840b0d0-450a-4c62-8501-267c6ae6f81c	c9ba995c-09b5-4309-a2a9-fc4a80875d4f
4840b0d0-450a-4c62-8501-267c6ae6f81c	0c6e65c3-df08-4475-bdc0-37a3e32708a8
4840b0d0-450a-4c62-8501-267c6ae6f81c	4fb072c6-8bdc-4521-9311-d012fd4821fe
4840b0d0-450a-4c62-8501-267c6ae6f81c	1c36ae0f-0a1b-4167-8927-5c7dda3072ca
4840b0d0-450a-4c62-8501-267c6ae6f81c	0c7f179e-f350-4f4a-aa40-53a88fbc632f
4840b0d0-450a-4c62-8501-267c6ae6f81c	9525ad4c-b806-4e0e-a426-4d58e121d6eb
b1101cae-4b7d-479c-8fb6-b74d9a58ad12	1c36ae0f-0a1b-4167-8927-5c7dda3072ca
62f66f8d-e925-46ce-9419-7cb9f0678ae7	9525ad4c-b806-4e0e-a426-4d58e121d6eb
62f66f8d-e925-46ce-9419-7cb9f0678ae7	4fb072c6-8bdc-4521-9311-d012fd4821fe
fe2c3849-0dde-49c7-8221-fdc2c0658c29	4051adc5-2c22-4a5f-83d4-a8cc1b3d8b68
fe2c3849-0dde-49c7-8221-fdc2c0658c29	03870c6c-6b74-4319-a948-6c04a34923d0
03870c6c-6b74-4319-a948-6c04a34923d0	4614b7d7-22b4-471d-8de1-04b47a5cee5a
92e1a025-74fe-4abf-9db7-10bbdd4ae1d1	06085a60-f107-433b-9b9d-09f627c10e84
93e15752-f9d8-481b-8bb6-6a54a8710194	6ae2d03b-41d1-44f1-b6f1-1051f15f840c
4840b0d0-450a-4c62-8501-267c6ae6f81c	d5b1a9db-0952-40f4-92e7-c6b726f5c444
fe2c3849-0dde-49c7-8221-fdc2c0658c29	46cc42ae-6b1c-4b1f-8352-1278693ece3b
fe2c3849-0dde-49c7-8221-fdc2c0658c29	54c7f2ef-dea8-4428-adbb-2a2ba318fec6
\.


--
-- Data for Name: credential; Type: TABLE DATA; Schema: keycloak; Owner: dan_ms_user
--

COPY keycloak.credential (id, salt, type, user_id, created_date, user_label, secret_data, credential_data, priority) FROM stdin;
d64e87aa-3714-4eb8-8583-d2ebad50f94c	\N	password	f5fb743c-0ade-4e5d-ae75-e1838aac1ed3	1629351292284	\N	{"value":"Q5edfHNJKHJylOMAtqd9/+135bvDL/RwV2rP+oVw7sK8u+MSY8pG7+Q+NYfVopQT3HAG6WvCQbQmZrMuyyYEWg==","salt":"OWha4xIIhU2kQW7GDwCRCw==","additionalParameters":{}}	{"hashIterations":27500,"algorithm":"pbkdf2-sha256","additionalParameters":{}}	10
935dcea3-df7e-49e0-8181-30c9c9e9e63e	\N	password	ea6ab45f-3dd4-4ea5-bbe0-0ab95af0cefb	1629352073552	\N	{"value":"87C7BpPceu9HugtMEze5LTZ4UXqiO9ebqLG4KymfjT9DG5u9T8raFpz4/Mz87K/rK5DhBIOkPitY3ng9swIJSw==","salt":"o7LzVPjapigwxLXO8fNprQ==","additionalParameters":{}}	{"hashIterations":27500,"algorithm":"pbkdf2-sha256","additionalParameters":{}}	10
\.


--
-- Data for Name: databasechangelog; Type: TABLE DATA; Schema: keycloak; Owner: dan_ms_user
--

COPY keycloak.databasechangelog (id, author, filename, dateexecuted, orderexecuted, exectype, md5sum, description, comments, tag, liquibase, contexts, labels, deployment_id) FROM stdin;
1.0.0.Final-KEYCLOAK-5461	sthorger@redhat.com	META-INF/jpa-changelog-1.0.0.Final.xml	2021-08-19 05:34:36.395366	1	EXECUTED	7:4e70412f24a3f382c82183742ec79317	createTable tableName=APPLICATION_DEFAULT_ROLES; createTable tableName=CLIENT; createTable tableName=CLIENT_SESSION; createTable tableName=CLIENT_SESSION_ROLE; createTable tableName=COMPOSITE_ROLE; createTable tableName=CREDENTIAL; createTable tab...		\N	3.5.4	\N	\N	9351275261
1.0.0.Final-KEYCLOAK-5461	sthorger@redhat.com	META-INF/db2-jpa-changelog-1.0.0.Final.xml	2021-08-19 05:34:36.414118	2	MARK_RAN	7:cb16724583e9675711801c6875114f28	createTable tableName=APPLICATION_DEFAULT_ROLES; createTable tableName=CLIENT; createTable tableName=CLIENT_SESSION; createTable tableName=CLIENT_SESSION_ROLE; createTable tableName=COMPOSITE_ROLE; createTable tableName=CREDENTIAL; createTable tab...		\N	3.5.4	\N	\N	9351275261
1.1.0.Beta1	sthorger@redhat.com	META-INF/jpa-changelog-1.1.0.Beta1.xml	2021-08-19 05:34:36.547685	3	EXECUTED	7:0310eb8ba07cec616460794d42ade0fa	delete tableName=CLIENT_SESSION_ROLE; delete tableName=CLIENT_SESSION; delete tableName=USER_SESSION; createTable tableName=CLIENT_ATTRIBUTES; createTable tableName=CLIENT_SESSION_NOTE; createTable tableName=APP_NODE_REGISTRATIONS; addColumn table...		\N	3.5.4	\N	\N	9351275261
1.1.0.Final	sthorger@redhat.com	META-INF/jpa-changelog-1.1.0.Final.xml	2021-08-19 05:34:36.561348	4	EXECUTED	7:5d25857e708c3233ef4439df1f93f012	renameColumn newColumnName=EVENT_TIME, oldColumnName=TIME, tableName=EVENT_ENTITY		\N	3.5.4	\N	\N	9351275261
1.2.0.Beta1	psilva@redhat.com	META-INF/jpa-changelog-1.2.0.Beta1.xml	2021-08-19 05:34:36.952946	5	EXECUTED	7:c7a54a1041d58eb3817a4a883b4d4e84	delete tableName=CLIENT_SESSION_ROLE; delete tableName=CLIENT_SESSION_NOTE; delete tableName=CLIENT_SESSION; delete tableName=USER_SESSION; createTable tableName=PROTOCOL_MAPPER; createTable tableName=PROTOCOL_MAPPER_CONFIG; createTable tableName=...		\N	3.5.4	\N	\N	9351275261
1.2.0.Beta1	psilva@redhat.com	META-INF/db2-jpa-changelog-1.2.0.Beta1.xml	2021-08-19 05:34:36.968106	6	MARK_RAN	7:2e01012df20974c1c2a605ef8afe25b7	delete tableName=CLIENT_SESSION_ROLE; delete tableName=CLIENT_SESSION_NOTE; delete tableName=CLIENT_SESSION; delete tableName=USER_SESSION; createTable tableName=PROTOCOL_MAPPER; createTable tableName=PROTOCOL_MAPPER_CONFIG; createTable tableName=...		\N	3.5.4	\N	\N	9351275261
1.2.0.RC1	bburke@redhat.com	META-INF/jpa-changelog-1.2.0.CR1.xml	2021-08-19 05:34:37.270823	7	EXECUTED	7:0f08df48468428e0f30ee59a8ec01a41	delete tableName=CLIENT_SESSION_ROLE; delete tableName=CLIENT_SESSION_NOTE; delete tableName=CLIENT_SESSION; delete tableName=USER_SESSION_NOTE; delete tableName=USER_SESSION; createTable tableName=MIGRATION_MODEL; createTable tableName=IDENTITY_P...		\N	3.5.4	\N	\N	9351275261
1.2.0.RC1	bburke@redhat.com	META-INF/db2-jpa-changelog-1.2.0.CR1.xml	2021-08-19 05:34:37.284119	8	MARK_RAN	7:a77ea2ad226b345e7d689d366f185c8c	delete tableName=CLIENT_SESSION_ROLE; delete tableName=CLIENT_SESSION_NOTE; delete tableName=CLIENT_SESSION; delete tableName=USER_SESSION_NOTE; delete tableName=USER_SESSION; createTable tableName=MIGRATION_MODEL; createTable tableName=IDENTITY_P...		\N	3.5.4	\N	\N	9351275261
1.2.0.Final	keycloak	META-INF/jpa-changelog-1.2.0.Final.xml	2021-08-19 05:34:37.29385	9	EXECUTED	7:a3377a2059aefbf3b90ebb4c4cc8e2ab	update tableName=CLIENT; update tableName=CLIENT; update tableName=CLIENT		\N	3.5.4	\N	\N	9351275261
1.3.0	bburke@redhat.com	META-INF/jpa-changelog-1.3.0.xml	2021-08-19 05:34:37.678064	10	EXECUTED	7:04c1dbedc2aa3e9756d1a1668e003451	delete tableName=CLIENT_SESSION_ROLE; delete tableName=CLIENT_SESSION_PROT_MAPPER; delete tableName=CLIENT_SESSION_NOTE; delete tableName=CLIENT_SESSION; delete tableName=USER_SESSION_NOTE; delete tableName=USER_SESSION; createTable tableName=ADMI...		\N	3.5.4	\N	\N	9351275261
1.4.0	bburke@redhat.com	META-INF/jpa-changelog-1.4.0.xml	2021-08-19 05:34:37.858947	11	EXECUTED	7:36ef39ed560ad07062d956db861042ba	delete tableName=CLIENT_SESSION_AUTH_STATUS; delete tableName=CLIENT_SESSION_ROLE; delete tableName=CLIENT_SESSION_PROT_MAPPER; delete tableName=CLIENT_SESSION_NOTE; delete tableName=CLIENT_SESSION; delete tableName=USER_SESSION_NOTE; delete table...		\N	3.5.4	\N	\N	9351275261
1.4.0	bburke@redhat.com	META-INF/db2-jpa-changelog-1.4.0.xml	2021-08-19 05:34:37.867518	12	MARK_RAN	7:d909180b2530479a716d3f9c9eaea3d7	delete tableName=CLIENT_SESSION_AUTH_STATUS; delete tableName=CLIENT_SESSION_ROLE; delete tableName=CLIENT_SESSION_PROT_MAPPER; delete tableName=CLIENT_SESSION_NOTE; delete tableName=CLIENT_SESSION; delete tableName=USER_SESSION_NOTE; delete table...		\N	3.5.4	\N	\N	9351275261
1.5.0	bburke@redhat.com	META-INF/jpa-changelog-1.5.0.xml	2021-08-19 05:34:37.908696	13	EXECUTED	7:cf12b04b79bea5152f165eb41f3955f6	delete tableName=CLIENT_SESSION_AUTH_STATUS; delete tableName=CLIENT_SESSION_ROLE; delete tableName=CLIENT_SESSION_PROT_MAPPER; delete tableName=CLIENT_SESSION_NOTE; delete tableName=CLIENT_SESSION; delete tableName=USER_SESSION_NOTE; delete table...		\N	3.5.4	\N	\N	9351275261
1.6.1_from15	mposolda@redhat.com	META-INF/jpa-changelog-1.6.1.xml	2021-08-19 05:34:37.984124	14	EXECUTED	7:7e32c8f05c755e8675764e7d5f514509	addColumn tableName=REALM; addColumn tableName=KEYCLOAK_ROLE; addColumn tableName=CLIENT; createTable tableName=OFFLINE_USER_SESSION; createTable tableName=OFFLINE_CLIENT_SESSION; addPrimaryKey constraintName=CONSTRAINT_OFFL_US_SES_PK2, tableName=...		\N	3.5.4	\N	\N	9351275261
1.6.1_from16-pre	mposolda@redhat.com	META-INF/jpa-changelog-1.6.1.xml	2021-08-19 05:34:37.988443	15	MARK_RAN	7:980ba23cc0ec39cab731ce903dd01291	delete tableName=OFFLINE_CLIENT_SESSION; delete tableName=OFFLINE_USER_SESSION		\N	3.5.4	\N	\N	9351275261
1.6.1_from16	mposolda@redhat.com	META-INF/jpa-changelog-1.6.1.xml	2021-08-19 05:34:37.991759	16	MARK_RAN	7:2fa220758991285312eb84f3b4ff5336	dropPrimaryKey constraintName=CONSTRAINT_OFFLINE_US_SES_PK, tableName=OFFLINE_USER_SESSION; dropPrimaryKey constraintName=CONSTRAINT_OFFLINE_CL_SES_PK, tableName=OFFLINE_CLIENT_SESSION; addColumn tableName=OFFLINE_USER_SESSION; update tableName=OF...		\N	3.5.4	\N	\N	9351275261
1.6.1	mposolda@redhat.com	META-INF/jpa-changelog-1.6.1.xml	2021-08-19 05:34:37.995183	17	EXECUTED	7:d41d8cd98f00b204e9800998ecf8427e	empty		\N	3.5.4	\N	\N	9351275261
1.7.0	bburke@redhat.com	META-INF/jpa-changelog-1.7.0.xml	2021-08-19 05:34:38.150102	18	EXECUTED	7:91ace540896df890cc00a0490ee52bbc	createTable tableName=KEYCLOAK_GROUP; createTable tableName=GROUP_ROLE_MAPPING; createTable tableName=GROUP_ATTRIBUTE; createTable tableName=USER_GROUP_MEMBERSHIP; createTable tableName=REALM_DEFAULT_GROUPS; addColumn tableName=IDENTITY_PROVIDER; ...		\N	3.5.4	\N	\N	9351275261
1.8.0	mposolda@redhat.com	META-INF/jpa-changelog-1.8.0.xml	2021-08-19 05:34:38.328649	19	EXECUTED	7:c31d1646dfa2618a9335c00e07f89f24	addColumn tableName=IDENTITY_PROVIDER; createTable tableName=CLIENT_TEMPLATE; createTable tableName=CLIENT_TEMPLATE_ATTRIBUTES; createTable tableName=TEMPLATE_SCOPE_MAPPING; dropNotNullConstraint columnName=CLIENT_ID, tableName=PROTOCOL_MAPPER; ad...		\N	3.5.4	\N	\N	9351275261
1.8.0-2	keycloak	META-INF/jpa-changelog-1.8.0.xml	2021-08-19 05:34:38.344237	20	EXECUTED	7:df8bc21027a4f7cbbb01f6344e89ce07	dropDefaultValue columnName=ALGORITHM, tableName=CREDENTIAL; update tableName=CREDENTIAL		\N	3.5.4	\N	\N	9351275261
authz-3.4.0.CR1-resource-server-pk-change-part1	glavoie@gmail.com	META-INF/jpa-changelog-authz-3.4.0.CR1.xml	2021-08-19 05:34:41.443459	45	EXECUTED	7:6a48ce645a3525488a90fbf76adf3bb3	addColumn tableName=RESOURCE_SERVER_POLICY; addColumn tableName=RESOURCE_SERVER_RESOURCE; addColumn tableName=RESOURCE_SERVER_SCOPE		\N	3.5.4	\N	\N	9351275261
1.8.0	mposolda@redhat.com	META-INF/db2-jpa-changelog-1.8.0.xml	2021-08-19 05:34:38.348834	21	MARK_RAN	7:f987971fe6b37d963bc95fee2b27f8df	addColumn tableName=IDENTITY_PROVIDER; createTable tableName=CLIENT_TEMPLATE; createTable tableName=CLIENT_TEMPLATE_ATTRIBUTES; createTable tableName=TEMPLATE_SCOPE_MAPPING; dropNotNullConstraint columnName=CLIENT_ID, tableName=PROTOCOL_MAPPER; ad...		\N	3.5.4	\N	\N	9351275261
1.8.0-2	keycloak	META-INF/db2-jpa-changelog-1.8.0.xml	2021-08-19 05:34:38.357478	22	MARK_RAN	7:df8bc21027a4f7cbbb01f6344e89ce07	dropDefaultValue columnName=ALGORITHM, tableName=CREDENTIAL; update tableName=CREDENTIAL		\N	3.5.4	\N	\N	9351275261
1.9.0	mposolda@redhat.com	META-INF/jpa-changelog-1.9.0.xml	2021-08-19 05:34:38.471952	23	EXECUTED	7:ed2dc7f799d19ac452cbcda56c929e47	update tableName=REALM; update tableName=REALM; update tableName=REALM; update tableName=REALM; update tableName=CREDENTIAL; update tableName=CREDENTIAL; update tableName=CREDENTIAL; update tableName=REALM; update tableName=REALM; customChange; dr...		\N	3.5.4	\N	\N	9351275261
1.9.1	keycloak	META-INF/jpa-changelog-1.9.1.xml	2021-08-19 05:34:38.48207	24	EXECUTED	7:80b5db88a5dda36ece5f235be8757615	modifyDataType columnName=PRIVATE_KEY, tableName=REALM; modifyDataType columnName=PUBLIC_KEY, tableName=REALM; modifyDataType columnName=CERTIFICATE, tableName=REALM		\N	3.5.4	\N	\N	9351275261
1.9.1	keycloak	META-INF/db2-jpa-changelog-1.9.1.xml	2021-08-19 05:34:38.486605	25	MARK_RAN	7:1437310ed1305a9b93f8848f301726ce	modifyDataType columnName=PRIVATE_KEY, tableName=REALM; modifyDataType columnName=CERTIFICATE, tableName=REALM		\N	3.5.4	\N	\N	9351275261
1.9.2	keycloak	META-INF/jpa-changelog-1.9.2.xml	2021-08-19 05:34:38.903648	26	EXECUTED	7:b82ffb34850fa0836be16deefc6a87c4	createIndex indexName=IDX_USER_EMAIL, tableName=USER_ENTITY; createIndex indexName=IDX_USER_ROLE_MAPPING, tableName=USER_ROLE_MAPPING; createIndex indexName=IDX_USER_GROUP_MAPPING, tableName=USER_GROUP_MEMBERSHIP; createIndex indexName=IDX_USER_CO...		\N	3.5.4	\N	\N	9351275261
authz-2.0.0	psilva@redhat.com	META-INF/jpa-changelog-authz-2.0.0.xml	2021-08-19 05:34:39.217262	27	EXECUTED	7:9cc98082921330d8d9266decdd4bd658	createTable tableName=RESOURCE_SERVER; addPrimaryKey constraintName=CONSTRAINT_FARS, tableName=RESOURCE_SERVER; addUniqueConstraint constraintName=UK_AU8TT6T700S9V50BU18WS5HA6, tableName=RESOURCE_SERVER; createTable tableName=RESOURCE_SERVER_RESOU...		\N	3.5.4	\N	\N	9351275261
authz-2.5.1	psilva@redhat.com	META-INF/jpa-changelog-authz-2.5.1.xml	2021-08-19 05:34:39.238686	28	EXECUTED	7:03d64aeed9cb52b969bd30a7ac0db57e	update tableName=RESOURCE_SERVER_POLICY		\N	3.5.4	\N	\N	9351275261
2.1.0-KEYCLOAK-5461	bburke@redhat.com	META-INF/jpa-changelog-2.1.0.xml	2021-08-19 05:34:39.49204	29	EXECUTED	7:f1f9fd8710399d725b780f463c6b21cd	createTable tableName=BROKER_LINK; createTable tableName=FED_USER_ATTRIBUTE; createTable tableName=FED_USER_CONSENT; createTable tableName=FED_USER_CONSENT_ROLE; createTable tableName=FED_USER_CONSENT_PROT_MAPPER; createTable tableName=FED_USER_CR...		\N	3.5.4	\N	\N	9351275261
2.2.0	bburke@redhat.com	META-INF/jpa-changelog-2.2.0.xml	2021-08-19 05:34:39.559098	30	EXECUTED	7:53188c3eb1107546e6f765835705b6c1	addColumn tableName=ADMIN_EVENT_ENTITY; createTable tableName=CREDENTIAL_ATTRIBUTE; createTable tableName=FED_CREDENTIAL_ATTRIBUTE; modifyDataType columnName=VALUE, tableName=CREDENTIAL; addForeignKeyConstraint baseTableName=FED_CREDENTIAL_ATTRIBU...		\N	3.5.4	\N	\N	9351275261
2.3.0	bburke@redhat.com	META-INF/jpa-changelog-2.3.0.xml	2021-08-19 05:34:39.604614	31	EXECUTED	7:d6e6f3bc57a0c5586737d1351725d4d4	createTable tableName=FEDERATED_USER; addPrimaryKey constraintName=CONSTR_FEDERATED_USER, tableName=FEDERATED_USER; dropDefaultValue columnName=TOTP, tableName=USER_ENTITY; dropColumn columnName=TOTP, tableName=USER_ENTITY; addColumn tableName=IDE...		\N	3.5.4	\N	\N	9351275261
2.4.0	bburke@redhat.com	META-INF/jpa-changelog-2.4.0.xml	2021-08-19 05:34:39.613407	32	EXECUTED	7:454d604fbd755d9df3fd9c6329043aa5	customChange		\N	3.5.4	\N	\N	9351275261
2.5.0	bburke@redhat.com	META-INF/jpa-changelog-2.5.0.xml	2021-08-19 05:34:39.62262	33	EXECUTED	7:57e98a3077e29caf562f7dbf80c72600	customChange; modifyDataType columnName=USER_ID, tableName=OFFLINE_USER_SESSION		\N	3.5.4	\N	\N	9351275261
2.5.0-unicode-oracle	hmlnarik@redhat.com	META-INF/jpa-changelog-2.5.0.xml	2021-08-19 05:34:39.626011	34	MARK_RAN	7:e4c7e8f2256210aee71ddc42f538b57a	modifyDataType columnName=DESCRIPTION, tableName=AUTHENTICATION_FLOW; modifyDataType columnName=DESCRIPTION, tableName=CLIENT_TEMPLATE; modifyDataType columnName=DESCRIPTION, tableName=RESOURCE_SERVER_POLICY; modifyDataType columnName=DESCRIPTION,...		\N	3.5.4	\N	\N	9351275261
2.5.0-unicode-other-dbs	hmlnarik@redhat.com	META-INF/jpa-changelog-2.5.0.xml	2021-08-19 05:34:39.708292	35	EXECUTED	7:09a43c97e49bc626460480aa1379b522	modifyDataType columnName=DESCRIPTION, tableName=AUTHENTICATION_FLOW; modifyDataType columnName=DESCRIPTION, tableName=CLIENT_TEMPLATE; modifyDataType columnName=DESCRIPTION, tableName=RESOURCE_SERVER_POLICY; modifyDataType columnName=DESCRIPTION,...		\N	3.5.4	\N	\N	9351275261
2.5.0-duplicate-email-support	slawomir@dabek.name	META-INF/jpa-changelog-2.5.0.xml	2021-08-19 05:34:39.720067	36	EXECUTED	7:26bfc7c74fefa9126f2ce702fb775553	addColumn tableName=REALM		\N	3.5.4	\N	\N	9351275261
2.5.0-unique-group-names	hmlnarik@redhat.com	META-INF/jpa-changelog-2.5.0.xml	2021-08-19 05:34:39.736346	37	EXECUTED	7:a161e2ae671a9020fff61e996a207377	addUniqueConstraint constraintName=SIBLING_NAMES, tableName=KEYCLOAK_GROUP		\N	3.5.4	\N	\N	9351275261
2.5.1	bburke@redhat.com	META-INF/jpa-changelog-2.5.1.xml	2021-08-19 05:34:39.74329	38	EXECUTED	7:37fc1781855ac5388c494f1442b3f717	addColumn tableName=FED_USER_CONSENT		\N	3.5.4	\N	\N	9351275261
3.0.0	bburke@redhat.com	META-INF/jpa-changelog-3.0.0.xml	2021-08-19 05:34:39.750462	39	EXECUTED	7:13a27db0dae6049541136adad7261d27	addColumn tableName=IDENTITY_PROVIDER		\N	3.5.4	\N	\N	9351275261
3.2.0-fix	keycloak	META-INF/jpa-changelog-3.2.0.xml	2021-08-19 05:34:39.753881	40	MARK_RAN	7:550300617e3b59e8af3a6294df8248a3	addNotNullConstraint columnName=REALM_ID, tableName=CLIENT_INITIAL_ACCESS		\N	3.5.4	\N	\N	9351275261
3.2.0-fix-with-keycloak-5416	keycloak	META-INF/jpa-changelog-3.2.0.xml	2021-08-19 05:34:39.757467	41	MARK_RAN	7:e3a9482b8931481dc2772a5c07c44f17	dropIndex indexName=IDX_CLIENT_INIT_ACC_REALM, tableName=CLIENT_INITIAL_ACCESS; addNotNullConstraint columnName=REALM_ID, tableName=CLIENT_INITIAL_ACCESS; createIndex indexName=IDX_CLIENT_INIT_ACC_REALM, tableName=CLIENT_INITIAL_ACCESS		\N	3.5.4	\N	\N	9351275261
3.2.0-fix-offline-sessions	hmlnarik	META-INF/jpa-changelog-3.2.0.xml	2021-08-19 05:34:39.765675	42	EXECUTED	7:72b07d85a2677cb257edb02b408f332d	customChange		\N	3.5.4	\N	\N	9351275261
3.2.0-fixed	keycloak	META-INF/jpa-changelog-3.2.0.xml	2021-08-19 05:34:41.424248	43	EXECUTED	7:a72a7858967bd414835d19e04d880312	addColumn tableName=REALM; dropPrimaryKey constraintName=CONSTRAINT_OFFL_CL_SES_PK2, tableName=OFFLINE_CLIENT_SESSION; dropColumn columnName=CLIENT_SESSION_ID, tableName=OFFLINE_CLIENT_SESSION; addPrimaryKey constraintName=CONSTRAINT_OFFL_CL_SES_P...		\N	3.5.4	\N	\N	9351275261
3.3.0	keycloak	META-INF/jpa-changelog-3.3.0.xml	2021-08-19 05:34:41.435342	44	EXECUTED	7:94edff7cf9ce179e7e85f0cd78a3cf2c	addColumn tableName=USER_ENTITY		\N	3.5.4	\N	\N	9351275261
authz-3.4.0.CR1-resource-server-pk-change-part2-KEYCLOAK-6095	hmlnarik@redhat.com	META-INF/jpa-changelog-authz-3.4.0.CR1.xml	2021-08-19 05:34:41.453947	46	EXECUTED	7:e64b5dcea7db06077c6e57d3b9e5ca14	customChange		\N	3.5.4	\N	\N	9351275261
authz-3.4.0.CR1-resource-server-pk-change-part3-fixed	glavoie@gmail.com	META-INF/jpa-changelog-authz-3.4.0.CR1.xml	2021-08-19 05:34:41.457342	47	MARK_RAN	7:fd8cf02498f8b1e72496a20afc75178c	dropIndex indexName=IDX_RES_SERV_POL_RES_SERV, tableName=RESOURCE_SERVER_POLICY; dropIndex indexName=IDX_RES_SRV_RES_RES_SRV, tableName=RESOURCE_SERVER_RESOURCE; dropIndex indexName=IDX_RES_SRV_SCOPE_RES_SRV, tableName=RESOURCE_SERVER_SCOPE		\N	3.5.4	\N	\N	9351275261
authz-3.4.0.CR1-resource-server-pk-change-part3-fixed-nodropindex	glavoie@gmail.com	META-INF/jpa-changelog-authz-3.4.0.CR1.xml	2021-08-19 05:34:41.677314	48	EXECUTED	7:542794f25aa2b1fbabb7e577d6646319	addNotNullConstraint columnName=RESOURCE_SERVER_CLIENT_ID, tableName=RESOURCE_SERVER_POLICY; addNotNullConstraint columnName=RESOURCE_SERVER_CLIENT_ID, tableName=RESOURCE_SERVER_RESOURCE; addNotNullConstraint columnName=RESOURCE_SERVER_CLIENT_ID, ...		\N	3.5.4	\N	\N	9351275261
authn-3.4.0.CR1-refresh-token-max-reuse	glavoie@gmail.com	META-INF/jpa-changelog-authz-3.4.0.CR1.xml	2021-08-19 05:34:41.690506	49	EXECUTED	7:edad604c882df12f74941dac3cc6d650	addColumn tableName=REALM		\N	3.5.4	\N	\N	9351275261
3.4.0	keycloak	META-INF/jpa-changelog-3.4.0.xml	2021-08-19 05:34:41.84426	50	EXECUTED	7:0f88b78b7b46480eb92690cbf5e44900	addPrimaryKey constraintName=CONSTRAINT_REALM_DEFAULT_ROLES, tableName=REALM_DEFAULT_ROLES; addPrimaryKey constraintName=CONSTRAINT_COMPOSITE_ROLE, tableName=COMPOSITE_ROLE; addPrimaryKey constraintName=CONSTR_REALM_DEFAULT_GROUPS, tableName=REALM...		\N	3.5.4	\N	\N	9351275261
3.4.0-KEYCLOAK-5230	hmlnarik@redhat.com	META-INF/jpa-changelog-3.4.0.xml	2021-08-19 05:34:42.221114	51	EXECUTED	7:d560e43982611d936457c327f872dd59	createIndex indexName=IDX_FU_ATTRIBUTE, tableName=FED_USER_ATTRIBUTE; createIndex indexName=IDX_FU_CONSENT, tableName=FED_USER_CONSENT; createIndex indexName=IDX_FU_CONSENT_RU, tableName=FED_USER_CONSENT; createIndex indexName=IDX_FU_CREDENTIAL, t...		\N	3.5.4	\N	\N	9351275261
3.4.1	psilva@redhat.com	META-INF/jpa-changelog-3.4.1.xml	2021-08-19 05:34:42.23076	52	EXECUTED	7:c155566c42b4d14ef07059ec3b3bbd8e	modifyDataType columnName=VALUE, tableName=CLIENT_ATTRIBUTES		\N	3.5.4	\N	\N	9351275261
3.4.2	keycloak	META-INF/jpa-changelog-3.4.2.xml	2021-08-19 05:34:42.237612	53	EXECUTED	7:b40376581f12d70f3c89ba8ddf5b7dea	update tableName=REALM		\N	3.5.4	\N	\N	9351275261
3.4.2-KEYCLOAK-5172	mkanis@redhat.com	META-INF/jpa-changelog-3.4.2.xml	2021-08-19 05:34:42.243406	54	EXECUTED	7:a1132cc395f7b95b3646146c2e38f168	update tableName=CLIENT		\N	3.5.4	\N	\N	9351275261
4.0.0-KEYCLOAK-6335	bburke@redhat.com	META-INF/jpa-changelog-4.0.0.xml	2021-08-19 05:34:42.261112	55	EXECUTED	7:d8dc5d89c789105cfa7ca0e82cba60af	createTable tableName=CLIENT_AUTH_FLOW_BINDINGS; addPrimaryKey constraintName=C_CLI_FLOW_BIND, tableName=CLIENT_AUTH_FLOW_BINDINGS		\N	3.5.4	\N	\N	9351275261
4.0.0-CLEANUP-UNUSED-TABLE	bburke@redhat.com	META-INF/jpa-changelog-4.0.0.xml	2021-08-19 05:34:42.284248	56	EXECUTED	7:7822e0165097182e8f653c35517656a3	dropTable tableName=CLIENT_IDENTITY_PROV_MAPPING		\N	3.5.4	\N	\N	9351275261
4.0.0-KEYCLOAK-6228	bburke@redhat.com	META-INF/jpa-changelog-4.0.0.xml	2021-08-19 05:34:42.368714	57	EXECUTED	7:c6538c29b9c9a08f9e9ea2de5c2b6375	dropUniqueConstraint constraintName=UK_JKUWUVD56ONTGSUHOGM8UEWRT, tableName=USER_CONSENT; dropNotNullConstraint columnName=CLIENT_ID, tableName=USER_CONSENT; addColumn tableName=USER_CONSENT; addUniqueConstraint constraintName=UK_JKUWUVD56ONTGSUHO...		\N	3.5.4	\N	\N	9351275261
4.0.0-KEYCLOAK-5579-fixed	mposolda@redhat.com	META-INF/jpa-changelog-4.0.0.xml	2021-08-19 05:34:42.892333	58	EXECUTED	7:6d4893e36de22369cf73bcb051ded875	dropForeignKeyConstraint baseTableName=CLIENT_TEMPLATE_ATTRIBUTES, constraintName=FK_CL_TEMPL_ATTR_TEMPL; renameTable newTableName=CLIENT_SCOPE_ATTRIBUTES, oldTableName=CLIENT_TEMPLATE_ATTRIBUTES; renameColumn newColumnName=SCOPE_ID, oldColumnName...		\N	3.5.4	\N	\N	9351275261
authz-4.0.0.CR1	psilva@redhat.com	META-INF/jpa-changelog-authz-4.0.0.CR1.xml	2021-08-19 05:34:43.003701	59	EXECUTED	7:57960fc0b0f0dd0563ea6f8b2e4a1707	createTable tableName=RESOURCE_SERVER_PERM_TICKET; addPrimaryKey constraintName=CONSTRAINT_FAPMT, tableName=RESOURCE_SERVER_PERM_TICKET; addForeignKeyConstraint baseTableName=RESOURCE_SERVER_PERM_TICKET, constraintName=FK_FRSRHO213XCX4WNKOG82SSPMT...		\N	3.5.4	\N	\N	9351275261
authz-4.0.0.Beta3	psilva@redhat.com	META-INF/jpa-changelog-authz-4.0.0.Beta3.xml	2021-08-19 05:34:43.021933	60	EXECUTED	7:2b4b8bff39944c7097977cc18dbceb3b	addColumn tableName=RESOURCE_SERVER_POLICY; addColumn tableName=RESOURCE_SERVER_PERM_TICKET; addForeignKeyConstraint baseTableName=RESOURCE_SERVER_PERM_TICKET, constraintName=FK_FRSRPO2128CX4WNKOG82SSRFY, referencedTableName=RESOURCE_SERVER_POLICY		\N	3.5.4	\N	\N	9351275261
authz-4.2.0.Final	mhajas@redhat.com	META-INF/jpa-changelog-authz-4.2.0.Final.xml	2021-08-19 05:34:43.044396	61	EXECUTED	7:2aa42a964c59cd5b8ca9822340ba33a8	createTable tableName=RESOURCE_URIS; addForeignKeyConstraint baseTableName=RESOURCE_URIS, constraintName=FK_RESOURCE_SERVER_URIS, referencedTableName=RESOURCE_SERVER_RESOURCE; customChange; dropColumn columnName=URI, tableName=RESOURCE_SERVER_RESO...		\N	3.5.4	\N	\N	9351275261
authz-4.2.0.Final-KEYCLOAK-9944	hmlnarik@redhat.com	META-INF/jpa-changelog-authz-4.2.0.Final.xml	2021-08-19 05:34:43.05963	62	EXECUTED	7:9ac9e58545479929ba23f4a3087a0346	addPrimaryKey constraintName=CONSTRAINT_RESOUR_URIS_PK, tableName=RESOURCE_URIS		\N	3.5.4	\N	\N	9351275261
4.2.0-KEYCLOAK-6313	wadahiro@gmail.com	META-INF/jpa-changelog-4.2.0.xml	2021-08-19 05:34:43.065639	63	EXECUTED	7:14d407c35bc4fe1976867756bcea0c36	addColumn tableName=REQUIRED_ACTION_PROVIDER		\N	3.5.4	\N	\N	9351275261
4.3.0-KEYCLOAK-7984	wadahiro@gmail.com	META-INF/jpa-changelog-4.3.0.xml	2021-08-19 05:34:43.072655	64	EXECUTED	7:241a8030c748c8548e346adee548fa93	update tableName=REQUIRED_ACTION_PROVIDER		\N	3.5.4	\N	\N	9351275261
4.6.0-KEYCLOAK-7950	psilva@redhat.com	META-INF/jpa-changelog-4.6.0.xml	2021-08-19 05:34:43.07831	65	EXECUTED	7:7d3182f65a34fcc61e8d23def037dc3f	update tableName=RESOURCE_SERVER_RESOURCE		\N	3.5.4	\N	\N	9351275261
4.6.0-KEYCLOAK-8377	keycloak	META-INF/jpa-changelog-4.6.0.xml	2021-08-19 05:34:43.141062	66	EXECUTED	7:b30039e00a0b9715d430d1b0636728fa	createTable tableName=ROLE_ATTRIBUTE; addPrimaryKey constraintName=CONSTRAINT_ROLE_ATTRIBUTE_PK, tableName=ROLE_ATTRIBUTE; addForeignKeyConstraint baseTableName=ROLE_ATTRIBUTE, constraintName=FK_ROLE_ATTRIBUTE_ID, referencedTableName=KEYCLOAK_ROLE...		\N	3.5.4	\N	\N	9351275261
4.6.0-KEYCLOAK-8555	gideonray@gmail.com	META-INF/jpa-changelog-4.6.0.xml	2021-08-19 05:34:43.180762	67	EXECUTED	7:3797315ca61d531780f8e6f82f258159	createIndex indexName=IDX_COMPONENT_PROVIDER_TYPE, tableName=COMPONENT		\N	3.5.4	\N	\N	9351275261
4.7.0-KEYCLOAK-1267	sguilhen@redhat.com	META-INF/jpa-changelog-4.7.0.xml	2021-08-19 05:34:43.189659	68	EXECUTED	7:c7aa4c8d9573500c2d347c1941ff0301	addColumn tableName=REALM		\N	3.5.4	\N	\N	9351275261
4.7.0-KEYCLOAK-7275	keycloak	META-INF/jpa-changelog-4.7.0.xml	2021-08-19 05:34:43.237294	69	EXECUTED	7:b207faee394fc074a442ecd42185a5dd	renameColumn newColumnName=CREATED_ON, oldColumnName=LAST_SESSION_REFRESH, tableName=OFFLINE_USER_SESSION; addNotNullConstraint columnName=CREATED_ON, tableName=OFFLINE_USER_SESSION; addColumn tableName=OFFLINE_USER_SESSION; customChange; createIn...		\N	3.5.4	\N	\N	9351275261
4.8.0-KEYCLOAK-8835	sguilhen@redhat.com	META-INF/jpa-changelog-4.8.0.xml	2021-08-19 05:34:43.250775	70	EXECUTED	7:ab9a9762faaba4ddfa35514b212c4922	addNotNullConstraint columnName=SSO_MAX_LIFESPAN_REMEMBER_ME, tableName=REALM; addNotNullConstraint columnName=SSO_IDLE_TIMEOUT_REMEMBER_ME, tableName=REALM		\N	3.5.4	\N	\N	9351275261
authz-7.0.0-KEYCLOAK-10443	psilva@redhat.com	META-INF/jpa-changelog-authz-7.0.0.xml	2021-08-19 05:34:43.260668	71	EXECUTED	7:b9710f74515a6ccb51b72dc0d19df8c4	addColumn tableName=RESOURCE_SERVER		\N	3.5.4	\N	\N	9351275261
8.0.0-adding-credential-columns	keycloak	META-INF/jpa-changelog-8.0.0.xml	2021-08-19 05:34:43.271535	72	EXECUTED	7:ec9707ae4d4f0b7452fee20128083879	addColumn tableName=CREDENTIAL; addColumn tableName=FED_USER_CREDENTIAL		\N	3.5.4	\N	\N	9351275261
8.0.0-updating-credential-data-not-oracle-fixed	keycloak	META-INF/jpa-changelog-8.0.0.xml	2021-08-19 05:34:43.28786	73	EXECUTED	7:3979a0ae07ac465e920ca696532fc736	update tableName=CREDENTIAL; update tableName=CREDENTIAL; update tableName=CREDENTIAL; update tableName=FED_USER_CREDENTIAL; update tableName=FED_USER_CREDENTIAL; update tableName=FED_USER_CREDENTIAL		\N	3.5.4	\N	\N	9351275261
8.0.0-updating-credential-data-oracle-fixed	keycloak	META-INF/jpa-changelog-8.0.0.xml	2021-08-19 05:34:43.291686	74	MARK_RAN	7:5abfde4c259119d143bd2fbf49ac2bca	update tableName=CREDENTIAL; update tableName=CREDENTIAL; update tableName=CREDENTIAL; update tableName=FED_USER_CREDENTIAL; update tableName=FED_USER_CREDENTIAL; update tableName=FED_USER_CREDENTIAL		\N	3.5.4	\N	\N	9351275261
8.0.0-credential-cleanup-fixed	keycloak	META-INF/jpa-changelog-8.0.0.xml	2021-08-19 05:34:43.369966	75	EXECUTED	7:b48da8c11a3d83ddd6b7d0c8c2219345	dropDefaultValue columnName=COUNTER, tableName=CREDENTIAL; dropDefaultValue columnName=DIGITS, tableName=CREDENTIAL; dropDefaultValue columnName=PERIOD, tableName=CREDENTIAL; dropDefaultValue columnName=ALGORITHM, tableName=CREDENTIAL; dropColumn ...		\N	3.5.4	\N	\N	9351275261
8.0.0-resource-tag-support	keycloak	META-INF/jpa-changelog-8.0.0.xml	2021-08-19 05:34:43.406254	76	EXECUTED	7:a73379915c23bfad3e8f5c6d5c0aa4bd	addColumn tableName=MIGRATION_MODEL; createIndex indexName=IDX_UPDATE_TIME, tableName=MIGRATION_MODEL		\N	3.5.4	\N	\N	9351275261
9.0.0-always-display-client	keycloak	META-INF/jpa-changelog-9.0.0.xml	2021-08-19 05:34:43.412857	77	EXECUTED	7:39e0073779aba192646291aa2332493d	addColumn tableName=CLIENT		\N	3.5.4	\N	\N	9351275261
9.0.0-drop-constraints-for-column-increase	keycloak	META-INF/jpa-changelog-9.0.0.xml	2021-08-19 05:34:43.416065	78	MARK_RAN	7:81f87368f00450799b4bf42ea0b3ec34	dropUniqueConstraint constraintName=UK_FRSR6T700S9V50BU18WS5PMT, tableName=RESOURCE_SERVER_PERM_TICKET; dropUniqueConstraint constraintName=UK_FRSR6T700S9V50BU18WS5HA6, tableName=RESOURCE_SERVER_RESOURCE; dropPrimaryKey constraintName=CONSTRAINT_O...		\N	3.5.4	\N	\N	9351275261
9.0.0-increase-column-size-federated-fk	keycloak	META-INF/jpa-changelog-9.0.0.xml	2021-08-19 05:34:43.479685	79	EXECUTED	7:20b37422abb9fb6571c618148f013a15	modifyDataType columnName=CLIENT_ID, tableName=FED_USER_CONSENT; modifyDataType columnName=CLIENT_REALM_CONSTRAINT, tableName=KEYCLOAK_ROLE; modifyDataType columnName=OWNER, tableName=RESOURCE_SERVER_POLICY; modifyDataType columnName=CLIENT_ID, ta...		\N	3.5.4	\N	\N	9351275261
9.0.0-recreate-constraints-after-column-increase	keycloak	META-INF/jpa-changelog-9.0.0.xml	2021-08-19 05:34:43.484253	80	MARK_RAN	7:1970bb6cfb5ee800736b95ad3fb3c78a	addNotNullConstraint columnName=CLIENT_ID, tableName=OFFLINE_CLIENT_SESSION; addNotNullConstraint columnName=OWNER, tableName=RESOURCE_SERVER_PERM_TICKET; addNotNullConstraint columnName=REQUESTER, tableName=RESOURCE_SERVER_PERM_TICKET; addNotNull...		\N	3.5.4	\N	\N	9351275261
9.0.1-add-index-to-client.client_id	keycloak	META-INF/jpa-changelog-9.0.1.xml	2021-08-19 05:34:43.519266	81	EXECUTED	7:45d9b25fc3b455d522d8dcc10a0f4c80	createIndex indexName=IDX_CLIENT_ID, tableName=CLIENT		\N	3.5.4	\N	\N	9351275261
9.0.1-KEYCLOAK-12579-drop-constraints	keycloak	META-INF/jpa-changelog-9.0.1.xml	2021-08-19 05:34:43.522963	82	MARK_RAN	7:890ae73712bc187a66c2813a724d037f	dropUniqueConstraint constraintName=SIBLING_NAMES, tableName=KEYCLOAK_GROUP		\N	3.5.4	\N	\N	9351275261
9.0.1-KEYCLOAK-12579-add-not-null-constraint	keycloak	META-INF/jpa-changelog-9.0.1.xml	2021-08-19 05:34:43.536162	83	EXECUTED	7:0a211980d27fafe3ff50d19a3a29b538	addNotNullConstraint columnName=PARENT_GROUP, tableName=KEYCLOAK_GROUP		\N	3.5.4	\N	\N	9351275261
9.0.1-KEYCLOAK-12579-recreate-constraints	keycloak	META-INF/jpa-changelog-9.0.1.xml	2021-08-19 05:34:43.540051	84	MARK_RAN	7:a161e2ae671a9020fff61e996a207377	addUniqueConstraint constraintName=SIBLING_NAMES, tableName=KEYCLOAK_GROUP		\N	3.5.4	\N	\N	9351275261
9.0.1-add-index-to-events	keycloak	META-INF/jpa-changelog-9.0.1.xml	2021-08-19 05:34:43.577908	85	EXECUTED	7:01c49302201bdf815b0a18d1f98a55dc	createIndex indexName=IDX_EVENT_TIME, tableName=EVENT_ENTITY		\N	3.5.4	\N	\N	9351275261
map-remove-ri	keycloak	META-INF/jpa-changelog-11.0.0.xml	2021-08-19 05:34:43.58837	86	EXECUTED	7:3dace6b144c11f53f1ad2c0361279b86	dropForeignKeyConstraint baseTableName=REALM, constraintName=FK_TRAF444KK6QRKMS7N56AIWQ5Y; dropForeignKeyConstraint baseTableName=KEYCLOAK_ROLE, constraintName=FK_KJHO5LE2C0RAL09FL8CM9WFW9		\N	3.5.4	\N	\N	9351275261
map-remove-ri	keycloak	META-INF/jpa-changelog-12.0.0.xml	2021-08-19 05:34:43.606049	87	EXECUTED	7:578d0b92077eaf2ab95ad0ec087aa903	dropForeignKeyConstraint baseTableName=REALM_DEFAULT_GROUPS, constraintName=FK_DEF_GROUPS_GROUP; dropForeignKeyConstraint baseTableName=REALM_DEFAULT_ROLES, constraintName=FK_H4WPD7W4HSOOLNI3H0SW7BTJE; dropForeignKeyConstraint baseTableName=CLIENT...		\N	3.5.4	\N	\N	9351275261
12.1.0-add-realm-localization-table	keycloak	META-INF/jpa-changelog-12.0.0.xml	2021-08-19 05:34:43.639736	88	EXECUTED	7:c95abe90d962c57a09ecaee57972835d	createTable tableName=REALM_LOCALIZATIONS; addPrimaryKey tableName=REALM_LOCALIZATIONS		\N	3.5.4	\N	\N	9351275261
default-roles	keycloak	META-INF/jpa-changelog-13.0.0.xml	2021-08-19 05:34:43.65078	89	EXECUTED	7:f1313bcc2994a5c4dc1062ed6d8282d3	addColumn tableName=REALM; customChange		\N	3.5.4	\N	\N	9351275261
default-roles-cleanup	keycloak	META-INF/jpa-changelog-13.0.0.xml	2021-08-19 05:34:43.69344	90	EXECUTED	7:90d763b52eaffebefbcbde55f269508b	dropTable tableName=REALM_DEFAULT_ROLES; dropTable tableName=CLIENT_DEFAULT_ROLES		\N	3.5.4	\N	\N	9351275261
13.0.0-KEYCLOAK-16844	keycloak	META-INF/jpa-changelog-13.0.0.xml	2021-08-19 05:34:43.738174	91	EXECUTED	7:d554f0cb92b764470dccfa5e0014a7dd	createIndex indexName=IDX_OFFLINE_USS_PRELOAD, tableName=OFFLINE_USER_SESSION		\N	3.5.4	\N	\N	9351275261
map-remove-ri-13.0.0	keycloak	META-INF/jpa-changelog-13.0.0.xml	2021-08-19 05:34:43.758861	92	EXECUTED	7:73193e3ab3c35cf0f37ccea3bf783764	dropForeignKeyConstraint baseTableName=DEFAULT_CLIENT_SCOPE, constraintName=FK_R_DEF_CLI_SCOPE_SCOPE; dropForeignKeyConstraint baseTableName=CLIENT_SCOPE_CLIENT, constraintName=FK_C_CLI_SCOPE_SCOPE; dropForeignKeyConstraint baseTableName=CLIENT_SC...		\N	3.5.4	\N	\N	9351275261
13.0.0-KEYCLOAK-17992-drop-constraints	keycloak	META-INF/jpa-changelog-13.0.0.xml	2021-08-19 05:34:43.762444	93	MARK_RAN	7:90a1e74f92e9cbaa0c5eab80b8a037f3	dropPrimaryKey constraintName=C_CLI_SCOPE_BIND, tableName=CLIENT_SCOPE_CLIENT; dropIndex indexName=IDX_CLSCOPE_CL, tableName=CLIENT_SCOPE_CLIENT; dropIndex indexName=IDX_CL_CLSCOPE, tableName=CLIENT_SCOPE_CLIENT		\N	3.5.4	\N	\N	9351275261
13.0.0-increase-column-size-federated	keycloak	META-INF/jpa-changelog-13.0.0.xml	2021-08-19 05:34:43.792968	94	EXECUTED	7:5b9248f29cd047c200083cc6d8388b16	modifyDataType columnName=CLIENT_ID, tableName=CLIENT_SCOPE_CLIENT; modifyDataType columnName=SCOPE_ID, tableName=CLIENT_SCOPE_CLIENT		\N	3.5.4	\N	\N	9351275261
13.0.0-KEYCLOAK-17992-recreate-constraints	keycloak	META-INF/jpa-changelog-13.0.0.xml	2021-08-19 05:34:43.797196	95	MARK_RAN	7:64db59e44c374f13955489e8990d17a1	addNotNullConstraint columnName=CLIENT_ID, tableName=CLIENT_SCOPE_CLIENT; addNotNullConstraint columnName=SCOPE_ID, tableName=CLIENT_SCOPE_CLIENT; addPrimaryKey constraintName=C_CLI_SCOPE_BIND, tableName=CLIENT_SCOPE_CLIENT; createIndex indexName=...		\N	3.5.4	\N	\N	9351275261
json-string-accomodation-fixed	keycloak	META-INF/jpa-changelog-13.0.0.xml	2021-08-19 05:34:43.825085	96	EXECUTED	7:329a578cdb43262fff975f0a7f6cda60	addColumn tableName=REALM_ATTRIBUTE; update tableName=REALM_ATTRIBUTE; dropColumn columnName=VALUE, tableName=REALM_ATTRIBUTE; renameColumn newColumnName=VALUE, oldColumnName=VALUE_NEW, tableName=REALM_ATTRIBUTE		\N	3.5.4	\N	\N	9351275261
14.0.0-KEYCLOAK-11019	keycloak	META-INF/jpa-changelog-14.0.0.xml	2021-08-19 05:34:43.925133	97	EXECUTED	7:fae0de241ac0fd0bbc2b380b85e4f567	createIndex indexName=IDX_OFFLINE_CSS_PRELOAD, tableName=OFFLINE_CLIENT_SESSION; createIndex indexName=IDX_OFFLINE_USS_BY_USER, tableName=OFFLINE_USER_SESSION; createIndex indexName=IDX_OFFLINE_USS_BY_USERSESS, tableName=OFFLINE_USER_SESSION		\N	3.5.4	\N	\N	9351275261
14.0.0-KEYCLOAK-18286	keycloak	META-INF/jpa-changelog-14.0.0.xml	2021-08-19 05:34:43.963619	98	EXECUTED	7:075d54e9180f49bb0c64ca4218936e81	createIndex indexName=IDX_CLIENT_ATT_BY_NAME_VALUE, tableName=CLIENT_ATTRIBUTES		\N	3.5.4	\N	\N	9351275261
14.0.0-KEYCLOAK-18286-mysql	keycloak	META-INF/jpa-changelog-14.0.0.xml	2021-08-19 05:34:43.967322	99	MARK_RAN	7:b558ad47ea0e4d3c3514225a49cc0d65	createIndex indexName=IDX_CLIENT_ATT_BY_NAME_VALUE, tableName=CLIENT_ATTRIBUTES		\N	3.5.4	\N	\N	9351275261
KEYCLOAK-17267-add-index-to-user-attributes	keycloak	META-INF/jpa-changelog-14.0.0.xml	2021-08-19 05:34:44.00302	100	EXECUTED	7:1a7f28ff8d9e53aeb879d76ea3d9341a	createIndex indexName=IDX_USER_ATTRIBUTE_NAME, tableName=USER_ATTRIBUTE		\N	3.5.4	\N	\N	9351275261
KEYCLOAK-18146-add-saml-art-binding-identifier	keycloak	META-INF/jpa-changelog-14.0.0.xml	2021-08-19 05:34:44.011271	101	EXECUTED	7:2fd554456fed4a82c698c555c5b751b6	customChange		\N	3.5.4	\N	\N	9351275261
15.0.0-KEYCLOAK-18467	keycloak	META-INF/jpa-changelog-15.0.0.xml	2021-08-19 05:34:44.024456	102	EXECUTED	7:b06356d66c2790ecc2ae54ba0458397a	addColumn tableName=REALM_LOCALIZATIONS; update tableName=REALM_LOCALIZATIONS; dropColumn columnName=TEXTS, tableName=REALM_LOCALIZATIONS; renameColumn newColumnName=TEXTS, oldColumnName=TEXTS_NEW, tableName=REALM_LOCALIZATIONS; addNotNullConstrai...		\N	3.5.4	\N	\N	9351275261
\.


--
-- Data for Name: databasechangeloglock; Type: TABLE DATA; Schema: keycloak; Owner: dan_ms_user
--

COPY keycloak.databasechangeloglock (id, locked, lockgranted, lockedby) FROM stdin;
1	f	\N	\N
1000	f	\N	\N
1001	f	\N	\N
\.


--
-- Data for Name: default_client_scope; Type: TABLE DATA; Schema: keycloak; Owner: dan_ms_user
--

COPY keycloak.default_client_scope (realm_id, scope_id, default_scope) FROM stdin;
master	2f339a12-ef06-4b8d-8d63-0bf50606b86c	f
master	bcb15ea1-7c53-46fe-863d-714998b3cd63	t
master	9039342f-8dc3-4410-90a0-25f6ea2c2139	t
master	9ed9b305-4bef-46d8-801b-e9ae260d660a	t
master	4bcace12-bd25-4433-a73a-5070d61e797e	f
master	5bb04370-5bf3-43cc-8cef-1aec0075df3d	f
master	5c926ddc-8f03-464b-8bff-7a6c8fd4f00e	t
master	6fd6a902-a7bb-4b86-9b26-63a4cc3be57f	t
master	e64ca88f-c097-44d2-9647-84027d190ad7	f
dan	a59e81bf-5597-4b2f-8350-a872be07a4c8	f
dan	9455e91e-f9b0-481d-8ebf-eabb1280fa62	t
dan	970bf77c-174a-4c4c-a542-7237751df32c	t
dan	9564a076-21f3-4959-9e03-e60b215f6282	t
dan	011bc597-1473-4f0b-b993-d04f08537d41	f
dan	76478342-0d1c-46b2-8e60-3325516c4f6c	f
dan	6c065b4c-8ef9-48c0-9dc5-143b267b3dd7	t
dan	186d325b-4162-4b24-b9bd-920ddb732ead	t
dan	3f0f3684-ff6c-42a7-b324-fddac92fac5c	f
\.


--
-- Data for Name: event_entity; Type: TABLE DATA; Schema: keycloak; Owner: dan_ms_user
--

COPY keycloak.event_entity (id, client_id, details_json, error, ip_address, realm_id, session_id, event_time, type, user_id) FROM stdin;
\.


--
-- Data for Name: fed_user_attribute; Type: TABLE DATA; Schema: keycloak; Owner: dan_ms_user
--

COPY keycloak.fed_user_attribute (id, name, user_id, realm_id, storage_provider_id, value) FROM stdin;
\.


--
-- Data for Name: fed_user_consent; Type: TABLE DATA; Schema: keycloak; Owner: dan_ms_user
--

COPY keycloak.fed_user_consent (id, client_id, user_id, realm_id, storage_provider_id, created_date, last_updated_date, client_storage_provider, external_client_id) FROM stdin;
\.


--
-- Data for Name: fed_user_consent_cl_scope; Type: TABLE DATA; Schema: keycloak; Owner: dan_ms_user
--

COPY keycloak.fed_user_consent_cl_scope (user_consent_id, scope_id) FROM stdin;
\.


--
-- Data for Name: fed_user_credential; Type: TABLE DATA; Schema: keycloak; Owner: dan_ms_user
--

COPY keycloak.fed_user_credential (id, salt, type, created_date, user_id, realm_id, storage_provider_id, user_label, secret_data, credential_data, priority) FROM stdin;
\.


--
-- Data for Name: fed_user_group_membership; Type: TABLE DATA; Schema: keycloak; Owner: dan_ms_user
--

COPY keycloak.fed_user_group_membership (group_id, user_id, realm_id, storage_provider_id) FROM stdin;
\.


--
-- Data for Name: fed_user_required_action; Type: TABLE DATA; Schema: keycloak; Owner: dan_ms_user
--

COPY keycloak.fed_user_required_action (required_action, user_id, realm_id, storage_provider_id) FROM stdin;
\.


--
-- Data for Name: fed_user_role_mapping; Type: TABLE DATA; Schema: keycloak; Owner: dan_ms_user
--

COPY keycloak.fed_user_role_mapping (role_id, user_id, realm_id, storage_provider_id) FROM stdin;
\.


--
-- Data for Name: federated_identity; Type: TABLE DATA; Schema: keycloak; Owner: dan_ms_user
--

COPY keycloak.federated_identity (identity_provider, realm_id, federated_user_id, federated_username, token, user_id) FROM stdin;
\.


--
-- Data for Name: federated_user; Type: TABLE DATA; Schema: keycloak; Owner: dan_ms_user
--

COPY keycloak.federated_user (id, storage_provider_id, realm_id) FROM stdin;
\.


--
-- Data for Name: group_attribute; Type: TABLE DATA; Schema: keycloak; Owner: dan_ms_user
--

COPY keycloak.group_attribute (id, name, value, group_id) FROM stdin;
\.


--
-- Data for Name: group_role_mapping; Type: TABLE DATA; Schema: keycloak; Owner: dan_ms_user
--

COPY keycloak.group_role_mapping (role_id, group_id) FROM stdin;
\.


--
-- Data for Name: identity_provider; Type: TABLE DATA; Schema: keycloak; Owner: dan_ms_user
--

COPY keycloak.identity_provider (internal_id, enabled, provider_alias, provider_id, store_token, authenticate_by_default, realm_id, add_token_role, trust_email, first_broker_login_flow_id, post_broker_login_flow_id, provider_display_name, link_only) FROM stdin;
\.


--
-- Data for Name: identity_provider_config; Type: TABLE DATA; Schema: keycloak; Owner: dan_ms_user
--

COPY keycloak.identity_provider_config (identity_provider_id, value, name) FROM stdin;
\.


--
-- Data for Name: identity_provider_mapper; Type: TABLE DATA; Schema: keycloak; Owner: dan_ms_user
--

COPY keycloak.identity_provider_mapper (id, name, idp_alias, idp_mapper_name, realm_id) FROM stdin;
\.


--
-- Data for Name: idp_mapper_config; Type: TABLE DATA; Schema: keycloak; Owner: dan_ms_user
--

COPY keycloak.idp_mapper_config (idp_mapper_id, value, name) FROM stdin;
\.


--
-- Data for Name: keycloak_group; Type: TABLE DATA; Schema: keycloak; Owner: dan_ms_user
--

COPY keycloak.keycloak_group (id, name, parent_group, realm_id) FROM stdin;
\.


--
-- Data for Name: keycloak_role; Type: TABLE DATA; Schema: keycloak; Owner: dan_ms_user
--

COPY keycloak.keycloak_role (id, client_realm_constraint, client_role, description, name, realm_id, client, realm) FROM stdin;
b639700d-ecb1-401f-ae49-ef125df450b5	master	f	${role_default-roles}	default-roles-master	master	\N	\N
93e15752-f9d8-481b-8bb6-6a54a8710194	master	f	${role_admin}	admin	master	\N	\N
5618261f-0e50-4cfa-8798-23ecccff8012	master	f	${role_create-realm}	create-realm	master	\N	\N
9b356c20-0709-4117-a259-f8ace3b8ccbc	e6a19ef5-c4d4-4ac8-856e-93588a409d05	t	${role_create-client}	create-client	master	e6a19ef5-c4d4-4ac8-856e-93588a409d05	\N
e806f6a7-c75f-4c16-8e96-06c2b10995db	e6a19ef5-c4d4-4ac8-856e-93588a409d05	t	${role_view-realm}	view-realm	master	e6a19ef5-c4d4-4ac8-856e-93588a409d05	\N
9f8fa5cf-1e46-48db-ae5e-f8b5a2b18b2e	e6a19ef5-c4d4-4ac8-856e-93588a409d05	t	${role_view-users}	view-users	master	e6a19ef5-c4d4-4ac8-856e-93588a409d05	\N
8d17a0c3-ad83-4f84-b09a-175ae7eec7a0	e6a19ef5-c4d4-4ac8-856e-93588a409d05	t	${role_view-clients}	view-clients	master	e6a19ef5-c4d4-4ac8-856e-93588a409d05	\N
421c1ad1-fea9-440a-9b1a-4465a64e6bb6	e6a19ef5-c4d4-4ac8-856e-93588a409d05	t	${role_view-events}	view-events	master	e6a19ef5-c4d4-4ac8-856e-93588a409d05	\N
9778efe7-40ba-496a-8556-56dfa0931b5e	e6a19ef5-c4d4-4ac8-856e-93588a409d05	t	${role_view-identity-providers}	view-identity-providers	master	e6a19ef5-c4d4-4ac8-856e-93588a409d05	\N
cdd84495-893d-4c34-bc48-de7a3f3cb643	e6a19ef5-c4d4-4ac8-856e-93588a409d05	t	${role_view-authorization}	view-authorization	master	e6a19ef5-c4d4-4ac8-856e-93588a409d05	\N
a9f368b7-c22a-4710-8128-e72279e4d3ea	e6a19ef5-c4d4-4ac8-856e-93588a409d05	t	${role_manage-realm}	manage-realm	master	e6a19ef5-c4d4-4ac8-856e-93588a409d05	\N
ff804899-7d69-43dc-b06c-ab7b8e8e15f6	e6a19ef5-c4d4-4ac8-856e-93588a409d05	t	${role_manage-users}	manage-users	master	e6a19ef5-c4d4-4ac8-856e-93588a409d05	\N
3869d3b9-d47b-4555-8b0c-71f762db41c9	e6a19ef5-c4d4-4ac8-856e-93588a409d05	t	${role_manage-clients}	manage-clients	master	e6a19ef5-c4d4-4ac8-856e-93588a409d05	\N
9992b440-457e-4630-8085-5ca2bbda9492	e6a19ef5-c4d4-4ac8-856e-93588a409d05	t	${role_manage-events}	manage-events	master	e6a19ef5-c4d4-4ac8-856e-93588a409d05	\N
98f4df80-5a84-46a3-bb65-d602352a6b9b	e6a19ef5-c4d4-4ac8-856e-93588a409d05	t	${role_manage-identity-providers}	manage-identity-providers	master	e6a19ef5-c4d4-4ac8-856e-93588a409d05	\N
d6d33058-6b33-4b7f-9f5a-a9e0f067d1ea	e6a19ef5-c4d4-4ac8-856e-93588a409d05	t	${role_manage-authorization}	manage-authorization	master	e6a19ef5-c4d4-4ac8-856e-93588a409d05	\N
a7f18bc2-cfc0-48c3-9991-f35ed3c5feb0	e6a19ef5-c4d4-4ac8-856e-93588a409d05	t	${role_query-users}	query-users	master	e6a19ef5-c4d4-4ac8-856e-93588a409d05	\N
5bc27684-de62-438b-8811-4aa59f0df49c	e6a19ef5-c4d4-4ac8-856e-93588a409d05	t	${role_query-clients}	query-clients	master	e6a19ef5-c4d4-4ac8-856e-93588a409d05	\N
22b0434d-8d29-45fe-b03f-b7071714f467	e6a19ef5-c4d4-4ac8-856e-93588a409d05	t	${role_query-realms}	query-realms	master	e6a19ef5-c4d4-4ac8-856e-93588a409d05	\N
27666c58-8c20-42a8-bb86-673c3170cc92	e6a19ef5-c4d4-4ac8-856e-93588a409d05	t	${role_query-groups}	query-groups	master	e6a19ef5-c4d4-4ac8-856e-93588a409d05	\N
b8a933e2-bbed-487a-b329-c25a06453cd8	357fc79e-246a-46ee-8d0e-116f178b6ee0	t	${role_view-profile}	view-profile	master	357fc79e-246a-46ee-8d0e-116f178b6ee0	\N
dc3bae46-f90b-4603-820c-c6b384864e76	357fc79e-246a-46ee-8d0e-116f178b6ee0	t	${role_manage-account}	manage-account	master	357fc79e-246a-46ee-8d0e-116f178b6ee0	\N
497ebe8d-cde8-4f32-a8ce-4245321c27af	357fc79e-246a-46ee-8d0e-116f178b6ee0	t	${role_manage-account-links}	manage-account-links	master	357fc79e-246a-46ee-8d0e-116f178b6ee0	\N
9291b761-584e-43e6-a19b-e116dfc28794	357fc79e-246a-46ee-8d0e-116f178b6ee0	t	${role_view-applications}	view-applications	master	357fc79e-246a-46ee-8d0e-116f178b6ee0	\N
459c5caf-e327-4419-9e14-73dfe5c8f331	357fc79e-246a-46ee-8d0e-116f178b6ee0	t	${role_view-consent}	view-consent	master	357fc79e-246a-46ee-8d0e-116f178b6ee0	\N
e7ed2670-3d51-47e4-ae3d-1b6d4264cb4a	357fc79e-246a-46ee-8d0e-116f178b6ee0	t	${role_manage-consent}	manage-consent	master	357fc79e-246a-46ee-8d0e-116f178b6ee0	\N
5d9cd735-e589-4c00-9e58-19498eb9672d	357fc79e-246a-46ee-8d0e-116f178b6ee0	t	${role_delete-account}	delete-account	master	357fc79e-246a-46ee-8d0e-116f178b6ee0	\N
04ea9593-71bb-4bd1-83e8-e9d65b370120	15f39cd7-a325-4b60-a089-0543f1d6da9c	t	${role_read-token}	read-token	master	15f39cd7-a325-4b60-a089-0543f1d6da9c	\N
a2ffc07a-a878-43bb-9d95-40088b6db31a	e6a19ef5-c4d4-4ac8-856e-93588a409d05	t	${role_impersonation}	impersonation	master	e6a19ef5-c4d4-4ac8-856e-93588a409d05	\N
5552277e-0000-4297-9eea-b951f6a8f234	master	f	${role_offline-access}	offline_access	master	\N	\N
d88df37b-01a1-46e6-97f7-a80a7dc0a546	master	f	${role_uma_authorization}	uma_authorization	master	\N	\N
fe2c3849-0dde-49c7-8221-fdc2c0658c29	dan	f	${role_default-roles}	default-roles-dan	dan	\N	\N
5e0747dc-f0c4-4018-9740-d94da983ebb1	665219c0-d2c6-4b70-a30c-75aeff4cafa6	t	${role_create-client}	create-client	master	665219c0-d2c6-4b70-a30c-75aeff4cafa6	\N
70cdc985-9232-4239-954e-0bd49aca7da3	665219c0-d2c6-4b70-a30c-75aeff4cafa6	t	${role_view-realm}	view-realm	master	665219c0-d2c6-4b70-a30c-75aeff4cafa6	\N
4a3c2b99-3efa-474c-b7b6-f86922e90269	665219c0-d2c6-4b70-a30c-75aeff4cafa6	t	${role_view-users}	view-users	master	665219c0-d2c6-4b70-a30c-75aeff4cafa6	\N
3c90ff18-ca47-49fe-8ab3-c3616c155b66	665219c0-d2c6-4b70-a30c-75aeff4cafa6	t	${role_view-clients}	view-clients	master	665219c0-d2c6-4b70-a30c-75aeff4cafa6	\N
124461ab-597b-4779-96dc-dbc0f3da2add	665219c0-d2c6-4b70-a30c-75aeff4cafa6	t	${role_view-events}	view-events	master	665219c0-d2c6-4b70-a30c-75aeff4cafa6	\N
3cf3b143-d71e-4a2d-978e-2d808068c2c5	665219c0-d2c6-4b70-a30c-75aeff4cafa6	t	${role_view-identity-providers}	view-identity-providers	master	665219c0-d2c6-4b70-a30c-75aeff4cafa6	\N
5b1b4dac-eaa5-419d-912a-ecbc4c180b21	665219c0-d2c6-4b70-a30c-75aeff4cafa6	t	${role_view-authorization}	view-authorization	master	665219c0-d2c6-4b70-a30c-75aeff4cafa6	\N
9e2ac968-1d9e-47ca-83fc-322679554486	665219c0-d2c6-4b70-a30c-75aeff4cafa6	t	${role_manage-realm}	manage-realm	master	665219c0-d2c6-4b70-a30c-75aeff4cafa6	\N
ae450dfa-4293-4ae4-a2f8-2b9fbc718348	665219c0-d2c6-4b70-a30c-75aeff4cafa6	t	${role_manage-users}	manage-users	master	665219c0-d2c6-4b70-a30c-75aeff4cafa6	\N
a9444e17-000a-47b1-8d62-749756d7eda7	665219c0-d2c6-4b70-a30c-75aeff4cafa6	t	${role_manage-clients}	manage-clients	master	665219c0-d2c6-4b70-a30c-75aeff4cafa6	\N
0e33e682-e233-4f5c-828a-1a9a0266958a	665219c0-d2c6-4b70-a30c-75aeff4cafa6	t	${role_manage-events}	manage-events	master	665219c0-d2c6-4b70-a30c-75aeff4cafa6	\N
0bf21546-d397-46ff-a40e-debc471884ba	665219c0-d2c6-4b70-a30c-75aeff4cafa6	t	${role_manage-identity-providers}	manage-identity-providers	master	665219c0-d2c6-4b70-a30c-75aeff4cafa6	\N
b7e77d20-6c89-4f97-9315-e576df5f2bf8	665219c0-d2c6-4b70-a30c-75aeff4cafa6	t	${role_manage-authorization}	manage-authorization	master	665219c0-d2c6-4b70-a30c-75aeff4cafa6	\N
64c3361a-2c6b-4a05-a7a4-2b03a366fe49	665219c0-d2c6-4b70-a30c-75aeff4cafa6	t	${role_query-users}	query-users	master	665219c0-d2c6-4b70-a30c-75aeff4cafa6	\N
bdf5dfe0-5078-4cbb-b7fe-fe4dac657932	665219c0-d2c6-4b70-a30c-75aeff4cafa6	t	${role_query-clients}	query-clients	master	665219c0-d2c6-4b70-a30c-75aeff4cafa6	\N
6ea17cfc-9ae8-4cad-b390-511a1dc82fad	665219c0-d2c6-4b70-a30c-75aeff4cafa6	t	${role_query-realms}	query-realms	master	665219c0-d2c6-4b70-a30c-75aeff4cafa6	\N
df52d8af-7d52-4f9e-b5a3-c8ac31970410	665219c0-d2c6-4b70-a30c-75aeff4cafa6	t	${role_query-groups}	query-groups	master	665219c0-d2c6-4b70-a30c-75aeff4cafa6	\N
4840b0d0-450a-4c62-8501-267c6ae6f81c	2d3ff9b6-b828-42f9-968e-91abf7b36677	t	${role_realm-admin}	realm-admin	dan	2d3ff9b6-b828-42f9-968e-91abf7b36677	\N
4f2623c9-5d4e-4302-bca3-86c37edc39b7	2d3ff9b6-b828-42f9-968e-91abf7b36677	t	${role_create-client}	create-client	dan	2d3ff9b6-b828-42f9-968e-91abf7b36677	\N
fc499437-5084-4c20-97bf-13b6160934c0	2d3ff9b6-b828-42f9-968e-91abf7b36677	t	${role_view-realm}	view-realm	dan	2d3ff9b6-b828-42f9-968e-91abf7b36677	\N
62f66f8d-e925-46ce-9419-7cb9f0678ae7	2d3ff9b6-b828-42f9-968e-91abf7b36677	t	${role_view-users}	view-users	dan	2d3ff9b6-b828-42f9-968e-91abf7b36677	\N
b1101cae-4b7d-479c-8fb6-b74d9a58ad12	2d3ff9b6-b828-42f9-968e-91abf7b36677	t	${role_view-clients}	view-clients	dan	2d3ff9b6-b828-42f9-968e-91abf7b36677	\N
842a0742-83d2-4825-8e3a-cf919a6e9ca8	2d3ff9b6-b828-42f9-968e-91abf7b36677	t	${role_view-events}	view-events	dan	2d3ff9b6-b828-42f9-968e-91abf7b36677	\N
d3acc3a8-5833-4cf8-bb95-652d58edc805	2d3ff9b6-b828-42f9-968e-91abf7b36677	t	${role_view-identity-providers}	view-identity-providers	dan	2d3ff9b6-b828-42f9-968e-91abf7b36677	\N
eda7203a-bcbd-4e0f-acaf-82ee229d1516	2d3ff9b6-b828-42f9-968e-91abf7b36677	t	${role_view-authorization}	view-authorization	dan	2d3ff9b6-b828-42f9-968e-91abf7b36677	\N
b51391f8-98c6-4548-9eca-888157a1adc4	2d3ff9b6-b828-42f9-968e-91abf7b36677	t	${role_manage-realm}	manage-realm	dan	2d3ff9b6-b828-42f9-968e-91abf7b36677	\N
4ff8753f-d84c-48fd-9aea-f4af11bd9712	2d3ff9b6-b828-42f9-968e-91abf7b36677	t	${role_manage-users}	manage-users	dan	2d3ff9b6-b828-42f9-968e-91abf7b36677	\N
9b153f25-1d14-4bcc-a403-a5cf2ad0dc92	2d3ff9b6-b828-42f9-968e-91abf7b36677	t	${role_manage-clients}	manage-clients	dan	2d3ff9b6-b828-42f9-968e-91abf7b36677	\N
2481a1ba-96ba-4049-abe2-4fc53052265a	2d3ff9b6-b828-42f9-968e-91abf7b36677	t	${role_manage-events}	manage-events	dan	2d3ff9b6-b828-42f9-968e-91abf7b36677	\N
c9ba995c-09b5-4309-a2a9-fc4a80875d4f	2d3ff9b6-b828-42f9-968e-91abf7b36677	t	${role_manage-identity-providers}	manage-identity-providers	dan	2d3ff9b6-b828-42f9-968e-91abf7b36677	\N
0c6e65c3-df08-4475-bdc0-37a3e32708a8	2d3ff9b6-b828-42f9-968e-91abf7b36677	t	${role_manage-authorization}	manage-authorization	dan	2d3ff9b6-b828-42f9-968e-91abf7b36677	\N
4fb072c6-8bdc-4521-9311-d012fd4821fe	2d3ff9b6-b828-42f9-968e-91abf7b36677	t	${role_query-users}	query-users	dan	2d3ff9b6-b828-42f9-968e-91abf7b36677	\N
1c36ae0f-0a1b-4167-8927-5c7dda3072ca	2d3ff9b6-b828-42f9-968e-91abf7b36677	t	${role_query-clients}	query-clients	dan	2d3ff9b6-b828-42f9-968e-91abf7b36677	\N
0c7f179e-f350-4f4a-aa40-53a88fbc632f	2d3ff9b6-b828-42f9-968e-91abf7b36677	t	${role_query-realms}	query-realms	dan	2d3ff9b6-b828-42f9-968e-91abf7b36677	\N
9525ad4c-b806-4e0e-a426-4d58e121d6eb	2d3ff9b6-b828-42f9-968e-91abf7b36677	t	${role_query-groups}	query-groups	dan	2d3ff9b6-b828-42f9-968e-91abf7b36677	\N
4051adc5-2c22-4a5f-83d4-a8cc1b3d8b68	6ca9e4c2-f0e2-4ef8-a82e-d0d2d5dd3980	t	${role_view-profile}	view-profile	dan	6ca9e4c2-f0e2-4ef8-a82e-d0d2d5dd3980	\N
03870c6c-6b74-4319-a948-6c04a34923d0	6ca9e4c2-f0e2-4ef8-a82e-d0d2d5dd3980	t	${role_manage-account}	manage-account	dan	6ca9e4c2-f0e2-4ef8-a82e-d0d2d5dd3980	\N
4614b7d7-22b4-471d-8de1-04b47a5cee5a	6ca9e4c2-f0e2-4ef8-a82e-d0d2d5dd3980	t	${role_manage-account-links}	manage-account-links	dan	6ca9e4c2-f0e2-4ef8-a82e-d0d2d5dd3980	\N
8851b167-da9f-45fe-bece-a2fdf23e8917	6ca9e4c2-f0e2-4ef8-a82e-d0d2d5dd3980	t	${role_view-applications}	view-applications	dan	6ca9e4c2-f0e2-4ef8-a82e-d0d2d5dd3980	\N
06085a60-f107-433b-9b9d-09f627c10e84	6ca9e4c2-f0e2-4ef8-a82e-d0d2d5dd3980	t	${role_view-consent}	view-consent	dan	6ca9e4c2-f0e2-4ef8-a82e-d0d2d5dd3980	\N
92e1a025-74fe-4abf-9db7-10bbdd4ae1d1	6ca9e4c2-f0e2-4ef8-a82e-d0d2d5dd3980	t	${role_manage-consent}	manage-consent	dan	6ca9e4c2-f0e2-4ef8-a82e-d0d2d5dd3980	\N
03df30f6-9dab-4a1a-bfae-0cd882ef9ecc	6ca9e4c2-f0e2-4ef8-a82e-d0d2d5dd3980	t	${role_delete-account}	delete-account	dan	6ca9e4c2-f0e2-4ef8-a82e-d0d2d5dd3980	\N
6ae2d03b-41d1-44f1-b6f1-1051f15f840c	665219c0-d2c6-4b70-a30c-75aeff4cafa6	t	${role_impersonation}	impersonation	master	665219c0-d2c6-4b70-a30c-75aeff4cafa6	\N
d5b1a9db-0952-40f4-92e7-c6b726f5c444	2d3ff9b6-b828-42f9-968e-91abf7b36677	t	${role_impersonation}	impersonation	dan	2d3ff9b6-b828-42f9-968e-91abf7b36677	\N
6c7570ff-eab3-4e27-a162-6b85c9712ab9	939543ae-2d5b-4674-97d5-3082082254d9	t	${role_read-token}	read-token	dan	939543ae-2d5b-4674-97d5-3082082254d9	\N
46cc42ae-6b1c-4b1f-8352-1278693ece3b	dan	f	${role_offline-access}	offline_access	dan	\N	\N
54c7f2ef-dea8-4428-adbb-2a2ba318fec6	dan	f	${role_uma_authorization}	uma_authorization	dan	\N	\N
14f272cd-6aaf-426a-a66b-fda6424260f3	dan	f	Rol de un empleado.	empleado	dan	\N	\N
f3aefb0f-2c74-4472-99eb-c3c1ead43917	dan	f	Rol de un cliente.	cliente	dan	\N	\N
\.


--
-- Data for Name: migration_model; Type: TABLE DATA; Schema: keycloak; Owner: dan_ms_user
--

COPY keycloak.migration_model (id, version, update_time) FROM stdin;
3zv32	15.0.0	1629351288
\.


--
-- Data for Name: offline_client_session; Type: TABLE DATA; Schema: keycloak; Owner: dan_ms_user
--

COPY keycloak.offline_client_session (user_session_id, client_id, offline_flag, "timestamp", data, client_storage_provider, external_client_id) FROM stdin;
\.


--
-- Data for Name: offline_user_session; Type: TABLE DATA; Schema: keycloak; Owner: dan_ms_user
--

COPY keycloak.offline_user_session (user_session_id, user_id, realm_id, created_on, offline_flag, data, last_session_refresh) FROM stdin;
\.


--
-- Data for Name: policy_config; Type: TABLE DATA; Schema: keycloak; Owner: dan_ms_user
--

COPY keycloak.policy_config (policy_id, name, value) FROM stdin;
\.


--
-- Data for Name: protocol_mapper; Type: TABLE DATA; Schema: keycloak; Owner: dan_ms_user
--

COPY keycloak.protocol_mapper (id, name, protocol, protocol_mapper_name, client_id, client_scope_id) FROM stdin;
f293d63b-f310-43a5-aeef-a393034692a8	audience resolve	openid-connect	oidc-audience-resolve-mapper	1e9cdded-1903-477c-95c8-c110acd80468	\N
14b1d142-f258-408c-8cac-9be568b644b6	locale	openid-connect	oidc-usermodel-attribute-mapper	85188196-99f5-43ce-85de-f326e7672116	\N
4ee5dedc-6643-490c-b16d-e10eff376d9d	role list	saml	saml-role-list-mapper	\N	bcb15ea1-7c53-46fe-863d-714998b3cd63
2aacd439-52f6-43d8-9826-def1948ea61a	full name	openid-connect	oidc-full-name-mapper	\N	9039342f-8dc3-4410-90a0-25f6ea2c2139
88c4be79-22c7-487a-a665-76f1cd4b19e3	family name	openid-connect	oidc-usermodel-property-mapper	\N	9039342f-8dc3-4410-90a0-25f6ea2c2139
6c5e6af4-4e59-449f-8d3a-260b9c8a4095	given name	openid-connect	oidc-usermodel-property-mapper	\N	9039342f-8dc3-4410-90a0-25f6ea2c2139
b87553e3-dafc-43ca-8ea4-d2cddb8b8654	middle name	openid-connect	oidc-usermodel-attribute-mapper	\N	9039342f-8dc3-4410-90a0-25f6ea2c2139
9351b607-1537-40b4-a190-25de40d3a3ca	nickname	openid-connect	oidc-usermodel-attribute-mapper	\N	9039342f-8dc3-4410-90a0-25f6ea2c2139
44ae2718-36e7-4b3e-8256-4417f9e127df	username	openid-connect	oidc-usermodel-property-mapper	\N	9039342f-8dc3-4410-90a0-25f6ea2c2139
a99268cc-87cd-46b6-9955-70c763bf53f1	profile	openid-connect	oidc-usermodel-attribute-mapper	\N	9039342f-8dc3-4410-90a0-25f6ea2c2139
3fea5c19-2641-45a1-9bd3-729f253f187b	picture	openid-connect	oidc-usermodel-attribute-mapper	\N	9039342f-8dc3-4410-90a0-25f6ea2c2139
75d2d067-92fe-44c5-a30e-0472e4cbbd5b	website	openid-connect	oidc-usermodel-attribute-mapper	\N	9039342f-8dc3-4410-90a0-25f6ea2c2139
36bd0340-6bbe-493d-b31f-316452c197ed	gender	openid-connect	oidc-usermodel-attribute-mapper	\N	9039342f-8dc3-4410-90a0-25f6ea2c2139
a8aa3825-336e-45ef-b4e1-79e21ff89736	birthdate	openid-connect	oidc-usermodel-attribute-mapper	\N	9039342f-8dc3-4410-90a0-25f6ea2c2139
be4d5693-13f1-4bac-bcf4-5e6a53bf5e85	zoneinfo	openid-connect	oidc-usermodel-attribute-mapper	\N	9039342f-8dc3-4410-90a0-25f6ea2c2139
b547061f-0a1c-4e16-9411-6411942288e5	locale	openid-connect	oidc-usermodel-attribute-mapper	\N	9039342f-8dc3-4410-90a0-25f6ea2c2139
897dfe78-f6f0-4c3f-ab3d-84a60a0cba67	updated at	openid-connect	oidc-usermodel-attribute-mapper	\N	9039342f-8dc3-4410-90a0-25f6ea2c2139
d90d5fcd-5a87-412f-9558-08bde699f968	email	openid-connect	oidc-usermodel-property-mapper	\N	9ed9b305-4bef-46d8-801b-e9ae260d660a
7834e6b0-7e9d-4e30-8f7b-63eb35aec8f3	email verified	openid-connect	oidc-usermodel-property-mapper	\N	9ed9b305-4bef-46d8-801b-e9ae260d660a
db90815a-2db6-43bc-9f01-6ad81b15c57d	address	openid-connect	oidc-address-mapper	\N	4bcace12-bd25-4433-a73a-5070d61e797e
38574d3f-4788-40ff-9849-a68b53c2ecce	phone number	openid-connect	oidc-usermodel-attribute-mapper	\N	5bb04370-5bf3-43cc-8cef-1aec0075df3d
d1bcdc5e-ab52-4bc7-9fbe-d76beaee79cc	phone number verified	openid-connect	oidc-usermodel-attribute-mapper	\N	5bb04370-5bf3-43cc-8cef-1aec0075df3d
518d684c-2994-4cd9-a53b-870e531be254	realm roles	openid-connect	oidc-usermodel-realm-role-mapper	\N	5c926ddc-8f03-464b-8bff-7a6c8fd4f00e
8ab7bd3e-8828-4107-8bf3-70248ff0cd1b	client roles	openid-connect	oidc-usermodel-client-role-mapper	\N	5c926ddc-8f03-464b-8bff-7a6c8fd4f00e
c9c7ab50-d055-4cf6-9350-a3a8535146ea	audience resolve	openid-connect	oidc-audience-resolve-mapper	\N	5c926ddc-8f03-464b-8bff-7a6c8fd4f00e
60e37b77-8cde-4225-a9fb-6e78deed4c56	allowed web origins	openid-connect	oidc-allowed-origins-mapper	\N	6fd6a902-a7bb-4b86-9b26-63a4cc3be57f
95063302-4dfa-45a7-88ba-992e687ec84d	upn	openid-connect	oidc-usermodel-property-mapper	\N	e64ca88f-c097-44d2-9647-84027d190ad7
762e3b0d-b9d9-4f49-96ac-b285bf155d80	groups	openid-connect	oidc-usermodel-realm-role-mapper	\N	e64ca88f-c097-44d2-9647-84027d190ad7
51dc9989-461a-4a2f-9556-23558b7b00ff	audience resolve	openid-connect	oidc-audience-resolve-mapper	487a8801-2e4a-41e9-93cc-b9f1d94b5fb0	\N
acd37578-e10f-4895-9239-0455d6fde1e2	role list	saml	saml-role-list-mapper	\N	9455e91e-f9b0-481d-8ebf-eabb1280fa62
4b7aa23c-86a6-4f7a-b7f8-0cf793dde6a2	full name	openid-connect	oidc-full-name-mapper	\N	970bf77c-174a-4c4c-a542-7237751df32c
b423925f-d6a6-4ea5-bd99-c633261e9a4f	family name	openid-connect	oidc-usermodel-property-mapper	\N	970bf77c-174a-4c4c-a542-7237751df32c
918de71e-e633-4619-8245-425484f816b2	given name	openid-connect	oidc-usermodel-property-mapper	\N	970bf77c-174a-4c4c-a542-7237751df32c
c00a850e-340c-4cce-9c39-f12a643309b5	middle name	openid-connect	oidc-usermodel-attribute-mapper	\N	970bf77c-174a-4c4c-a542-7237751df32c
01a3d604-f6ef-4bc6-bd01-1cd288229df5	nickname	openid-connect	oidc-usermodel-attribute-mapper	\N	970bf77c-174a-4c4c-a542-7237751df32c
fd9749e5-99bb-4bf8-a93a-b9cc986cc4e3	username	openid-connect	oidc-usermodel-property-mapper	\N	970bf77c-174a-4c4c-a542-7237751df32c
b5397d6a-3f39-4169-a442-7a3e9b149f5c	profile	openid-connect	oidc-usermodel-attribute-mapper	\N	970bf77c-174a-4c4c-a542-7237751df32c
7def35b3-e9c0-406d-9849-586009010311	picture	openid-connect	oidc-usermodel-attribute-mapper	\N	970bf77c-174a-4c4c-a542-7237751df32c
b9b3a266-310f-4516-b71a-852f5a588eb1	website	openid-connect	oidc-usermodel-attribute-mapper	\N	970bf77c-174a-4c4c-a542-7237751df32c
b960f10b-e872-4e6b-904a-55247e2b9077	gender	openid-connect	oidc-usermodel-attribute-mapper	\N	970bf77c-174a-4c4c-a542-7237751df32c
31abebeb-0aaa-4536-bd98-116708e0627e	birthdate	openid-connect	oidc-usermodel-attribute-mapper	\N	970bf77c-174a-4c4c-a542-7237751df32c
65570a58-66be-40fa-9f23-ea7817e9a4e0	zoneinfo	openid-connect	oidc-usermodel-attribute-mapper	\N	970bf77c-174a-4c4c-a542-7237751df32c
bbbc7597-1046-4934-b78a-d433025d86e0	locale	openid-connect	oidc-usermodel-attribute-mapper	\N	970bf77c-174a-4c4c-a542-7237751df32c
9ff92d7a-644c-431a-af49-bb3ce4152dbd	updated at	openid-connect	oidc-usermodel-attribute-mapper	\N	970bf77c-174a-4c4c-a542-7237751df32c
ee72edf7-b321-4761-891d-7b20871535ef	email	openid-connect	oidc-usermodel-property-mapper	\N	9564a076-21f3-4959-9e03-e60b215f6282
45b36e10-f1dc-4d78-8cc8-c29f1ac5e1b6	email verified	openid-connect	oidc-usermodel-property-mapper	\N	9564a076-21f3-4959-9e03-e60b215f6282
f7873c2f-9459-4e4f-be18-5af7391615eb	address	openid-connect	oidc-address-mapper	\N	011bc597-1473-4f0b-b993-d04f08537d41
ea36c566-525b-4345-80d0-3fa7d222a927	phone number	openid-connect	oidc-usermodel-attribute-mapper	\N	76478342-0d1c-46b2-8e60-3325516c4f6c
fb3fff33-a1b3-4dbc-9898-43b0bf0806ab	phone number verified	openid-connect	oidc-usermodel-attribute-mapper	\N	76478342-0d1c-46b2-8e60-3325516c4f6c
2e063552-e01e-4fba-bf7e-954bf145baf5	realm roles	openid-connect	oidc-usermodel-realm-role-mapper	\N	6c065b4c-8ef9-48c0-9dc5-143b267b3dd7
7c1c023e-e7e3-4f83-8d3c-e7790e2a2594	client roles	openid-connect	oidc-usermodel-client-role-mapper	\N	6c065b4c-8ef9-48c0-9dc5-143b267b3dd7
3a540831-3da6-4c6a-a784-b70a1fefba35	audience resolve	openid-connect	oidc-audience-resolve-mapper	\N	6c065b4c-8ef9-48c0-9dc5-143b267b3dd7
dc23b66b-9f82-47a4-9206-fe32ce33fbf6	allowed web origins	openid-connect	oidc-allowed-origins-mapper	\N	186d325b-4162-4b24-b9bd-920ddb732ead
025dab1f-692b-4187-938f-07a6def269ea	upn	openid-connect	oidc-usermodel-property-mapper	\N	3f0f3684-ff6c-42a7-b324-fddac92fac5c
b348165b-2198-405b-8456-b6e2c3a44a16	groups	openid-connect	oidc-usermodel-realm-role-mapper	\N	3f0f3684-ff6c-42a7-b324-fddac92fac5c
5962e4d2-de57-438d-b7ee-daa29189d0b5	locale	openid-connect	oidc-usermodel-attribute-mapper	eb6de590-cd58-4606-9a83-e7239a375e72	\N
\.


--
-- Data for Name: protocol_mapper_config; Type: TABLE DATA; Schema: keycloak; Owner: dan_ms_user
--

COPY keycloak.protocol_mapper_config (protocol_mapper_id, value, name) FROM stdin;
14b1d142-f258-408c-8cac-9be568b644b6	true	userinfo.token.claim
14b1d142-f258-408c-8cac-9be568b644b6	locale	user.attribute
14b1d142-f258-408c-8cac-9be568b644b6	true	id.token.claim
14b1d142-f258-408c-8cac-9be568b644b6	true	access.token.claim
14b1d142-f258-408c-8cac-9be568b644b6	locale	claim.name
14b1d142-f258-408c-8cac-9be568b644b6	String	jsonType.label
4ee5dedc-6643-490c-b16d-e10eff376d9d	false	single
4ee5dedc-6643-490c-b16d-e10eff376d9d	Basic	attribute.nameformat
4ee5dedc-6643-490c-b16d-e10eff376d9d	Role	attribute.name
2aacd439-52f6-43d8-9826-def1948ea61a	true	userinfo.token.claim
2aacd439-52f6-43d8-9826-def1948ea61a	true	id.token.claim
2aacd439-52f6-43d8-9826-def1948ea61a	true	access.token.claim
88c4be79-22c7-487a-a665-76f1cd4b19e3	true	userinfo.token.claim
88c4be79-22c7-487a-a665-76f1cd4b19e3	lastName	user.attribute
88c4be79-22c7-487a-a665-76f1cd4b19e3	true	id.token.claim
88c4be79-22c7-487a-a665-76f1cd4b19e3	true	access.token.claim
88c4be79-22c7-487a-a665-76f1cd4b19e3	family_name	claim.name
88c4be79-22c7-487a-a665-76f1cd4b19e3	String	jsonType.label
6c5e6af4-4e59-449f-8d3a-260b9c8a4095	true	userinfo.token.claim
6c5e6af4-4e59-449f-8d3a-260b9c8a4095	firstName	user.attribute
6c5e6af4-4e59-449f-8d3a-260b9c8a4095	true	id.token.claim
6c5e6af4-4e59-449f-8d3a-260b9c8a4095	true	access.token.claim
6c5e6af4-4e59-449f-8d3a-260b9c8a4095	given_name	claim.name
6c5e6af4-4e59-449f-8d3a-260b9c8a4095	String	jsonType.label
b87553e3-dafc-43ca-8ea4-d2cddb8b8654	true	userinfo.token.claim
b87553e3-dafc-43ca-8ea4-d2cddb8b8654	middleName	user.attribute
b87553e3-dafc-43ca-8ea4-d2cddb8b8654	true	id.token.claim
b87553e3-dafc-43ca-8ea4-d2cddb8b8654	true	access.token.claim
b87553e3-dafc-43ca-8ea4-d2cddb8b8654	middle_name	claim.name
b87553e3-dafc-43ca-8ea4-d2cddb8b8654	String	jsonType.label
9351b607-1537-40b4-a190-25de40d3a3ca	true	userinfo.token.claim
9351b607-1537-40b4-a190-25de40d3a3ca	nickname	user.attribute
9351b607-1537-40b4-a190-25de40d3a3ca	true	id.token.claim
9351b607-1537-40b4-a190-25de40d3a3ca	true	access.token.claim
9351b607-1537-40b4-a190-25de40d3a3ca	nickname	claim.name
9351b607-1537-40b4-a190-25de40d3a3ca	String	jsonType.label
44ae2718-36e7-4b3e-8256-4417f9e127df	true	userinfo.token.claim
44ae2718-36e7-4b3e-8256-4417f9e127df	username	user.attribute
44ae2718-36e7-4b3e-8256-4417f9e127df	true	id.token.claim
44ae2718-36e7-4b3e-8256-4417f9e127df	true	access.token.claim
44ae2718-36e7-4b3e-8256-4417f9e127df	preferred_username	claim.name
44ae2718-36e7-4b3e-8256-4417f9e127df	String	jsonType.label
a99268cc-87cd-46b6-9955-70c763bf53f1	true	userinfo.token.claim
a99268cc-87cd-46b6-9955-70c763bf53f1	profile	user.attribute
a99268cc-87cd-46b6-9955-70c763bf53f1	true	id.token.claim
a99268cc-87cd-46b6-9955-70c763bf53f1	true	access.token.claim
a99268cc-87cd-46b6-9955-70c763bf53f1	profile	claim.name
a99268cc-87cd-46b6-9955-70c763bf53f1	String	jsonType.label
3fea5c19-2641-45a1-9bd3-729f253f187b	true	userinfo.token.claim
3fea5c19-2641-45a1-9bd3-729f253f187b	picture	user.attribute
3fea5c19-2641-45a1-9bd3-729f253f187b	true	id.token.claim
3fea5c19-2641-45a1-9bd3-729f253f187b	true	access.token.claim
3fea5c19-2641-45a1-9bd3-729f253f187b	picture	claim.name
3fea5c19-2641-45a1-9bd3-729f253f187b	String	jsonType.label
75d2d067-92fe-44c5-a30e-0472e4cbbd5b	true	userinfo.token.claim
75d2d067-92fe-44c5-a30e-0472e4cbbd5b	website	user.attribute
75d2d067-92fe-44c5-a30e-0472e4cbbd5b	true	id.token.claim
75d2d067-92fe-44c5-a30e-0472e4cbbd5b	true	access.token.claim
75d2d067-92fe-44c5-a30e-0472e4cbbd5b	website	claim.name
75d2d067-92fe-44c5-a30e-0472e4cbbd5b	String	jsonType.label
36bd0340-6bbe-493d-b31f-316452c197ed	true	userinfo.token.claim
36bd0340-6bbe-493d-b31f-316452c197ed	gender	user.attribute
36bd0340-6bbe-493d-b31f-316452c197ed	true	id.token.claim
36bd0340-6bbe-493d-b31f-316452c197ed	true	access.token.claim
36bd0340-6bbe-493d-b31f-316452c197ed	gender	claim.name
36bd0340-6bbe-493d-b31f-316452c197ed	String	jsonType.label
a8aa3825-336e-45ef-b4e1-79e21ff89736	true	userinfo.token.claim
a8aa3825-336e-45ef-b4e1-79e21ff89736	birthdate	user.attribute
a8aa3825-336e-45ef-b4e1-79e21ff89736	true	id.token.claim
a8aa3825-336e-45ef-b4e1-79e21ff89736	true	access.token.claim
a8aa3825-336e-45ef-b4e1-79e21ff89736	birthdate	claim.name
a8aa3825-336e-45ef-b4e1-79e21ff89736	String	jsonType.label
be4d5693-13f1-4bac-bcf4-5e6a53bf5e85	true	userinfo.token.claim
be4d5693-13f1-4bac-bcf4-5e6a53bf5e85	zoneinfo	user.attribute
be4d5693-13f1-4bac-bcf4-5e6a53bf5e85	true	id.token.claim
be4d5693-13f1-4bac-bcf4-5e6a53bf5e85	true	access.token.claim
be4d5693-13f1-4bac-bcf4-5e6a53bf5e85	zoneinfo	claim.name
be4d5693-13f1-4bac-bcf4-5e6a53bf5e85	String	jsonType.label
b547061f-0a1c-4e16-9411-6411942288e5	true	userinfo.token.claim
b547061f-0a1c-4e16-9411-6411942288e5	locale	user.attribute
b547061f-0a1c-4e16-9411-6411942288e5	true	id.token.claim
b547061f-0a1c-4e16-9411-6411942288e5	true	access.token.claim
b547061f-0a1c-4e16-9411-6411942288e5	locale	claim.name
b547061f-0a1c-4e16-9411-6411942288e5	String	jsonType.label
897dfe78-f6f0-4c3f-ab3d-84a60a0cba67	true	userinfo.token.claim
897dfe78-f6f0-4c3f-ab3d-84a60a0cba67	updatedAt	user.attribute
897dfe78-f6f0-4c3f-ab3d-84a60a0cba67	true	id.token.claim
897dfe78-f6f0-4c3f-ab3d-84a60a0cba67	true	access.token.claim
897dfe78-f6f0-4c3f-ab3d-84a60a0cba67	updated_at	claim.name
897dfe78-f6f0-4c3f-ab3d-84a60a0cba67	String	jsonType.label
d90d5fcd-5a87-412f-9558-08bde699f968	true	userinfo.token.claim
d90d5fcd-5a87-412f-9558-08bde699f968	email	user.attribute
d90d5fcd-5a87-412f-9558-08bde699f968	true	id.token.claim
d90d5fcd-5a87-412f-9558-08bde699f968	true	access.token.claim
d90d5fcd-5a87-412f-9558-08bde699f968	email	claim.name
d90d5fcd-5a87-412f-9558-08bde699f968	String	jsonType.label
7834e6b0-7e9d-4e30-8f7b-63eb35aec8f3	true	userinfo.token.claim
7834e6b0-7e9d-4e30-8f7b-63eb35aec8f3	emailVerified	user.attribute
7834e6b0-7e9d-4e30-8f7b-63eb35aec8f3	true	id.token.claim
7834e6b0-7e9d-4e30-8f7b-63eb35aec8f3	true	access.token.claim
7834e6b0-7e9d-4e30-8f7b-63eb35aec8f3	email_verified	claim.name
7834e6b0-7e9d-4e30-8f7b-63eb35aec8f3	boolean	jsonType.label
db90815a-2db6-43bc-9f01-6ad81b15c57d	formatted	user.attribute.formatted
db90815a-2db6-43bc-9f01-6ad81b15c57d	country	user.attribute.country
db90815a-2db6-43bc-9f01-6ad81b15c57d	postal_code	user.attribute.postal_code
db90815a-2db6-43bc-9f01-6ad81b15c57d	true	userinfo.token.claim
db90815a-2db6-43bc-9f01-6ad81b15c57d	street	user.attribute.street
db90815a-2db6-43bc-9f01-6ad81b15c57d	true	id.token.claim
db90815a-2db6-43bc-9f01-6ad81b15c57d	region	user.attribute.region
db90815a-2db6-43bc-9f01-6ad81b15c57d	true	access.token.claim
db90815a-2db6-43bc-9f01-6ad81b15c57d	locality	user.attribute.locality
38574d3f-4788-40ff-9849-a68b53c2ecce	true	userinfo.token.claim
38574d3f-4788-40ff-9849-a68b53c2ecce	phoneNumber	user.attribute
38574d3f-4788-40ff-9849-a68b53c2ecce	true	id.token.claim
38574d3f-4788-40ff-9849-a68b53c2ecce	true	access.token.claim
38574d3f-4788-40ff-9849-a68b53c2ecce	phone_number	claim.name
38574d3f-4788-40ff-9849-a68b53c2ecce	String	jsonType.label
d1bcdc5e-ab52-4bc7-9fbe-d76beaee79cc	true	userinfo.token.claim
d1bcdc5e-ab52-4bc7-9fbe-d76beaee79cc	phoneNumberVerified	user.attribute
d1bcdc5e-ab52-4bc7-9fbe-d76beaee79cc	true	id.token.claim
d1bcdc5e-ab52-4bc7-9fbe-d76beaee79cc	true	access.token.claim
d1bcdc5e-ab52-4bc7-9fbe-d76beaee79cc	phone_number_verified	claim.name
d1bcdc5e-ab52-4bc7-9fbe-d76beaee79cc	boolean	jsonType.label
518d684c-2994-4cd9-a53b-870e531be254	true	multivalued
518d684c-2994-4cd9-a53b-870e531be254	foo	user.attribute
518d684c-2994-4cd9-a53b-870e531be254	true	access.token.claim
518d684c-2994-4cd9-a53b-870e531be254	realm_access.roles	claim.name
518d684c-2994-4cd9-a53b-870e531be254	String	jsonType.label
8ab7bd3e-8828-4107-8bf3-70248ff0cd1b	true	multivalued
8ab7bd3e-8828-4107-8bf3-70248ff0cd1b	foo	user.attribute
8ab7bd3e-8828-4107-8bf3-70248ff0cd1b	true	access.token.claim
8ab7bd3e-8828-4107-8bf3-70248ff0cd1b	resource_access.${client_id}.roles	claim.name
8ab7bd3e-8828-4107-8bf3-70248ff0cd1b	String	jsonType.label
95063302-4dfa-45a7-88ba-992e687ec84d	true	userinfo.token.claim
95063302-4dfa-45a7-88ba-992e687ec84d	username	user.attribute
95063302-4dfa-45a7-88ba-992e687ec84d	true	id.token.claim
95063302-4dfa-45a7-88ba-992e687ec84d	true	access.token.claim
95063302-4dfa-45a7-88ba-992e687ec84d	upn	claim.name
95063302-4dfa-45a7-88ba-992e687ec84d	String	jsonType.label
762e3b0d-b9d9-4f49-96ac-b285bf155d80	true	multivalued
762e3b0d-b9d9-4f49-96ac-b285bf155d80	foo	user.attribute
762e3b0d-b9d9-4f49-96ac-b285bf155d80	true	id.token.claim
762e3b0d-b9d9-4f49-96ac-b285bf155d80	true	access.token.claim
762e3b0d-b9d9-4f49-96ac-b285bf155d80	groups	claim.name
762e3b0d-b9d9-4f49-96ac-b285bf155d80	String	jsonType.label
acd37578-e10f-4895-9239-0455d6fde1e2	false	single
acd37578-e10f-4895-9239-0455d6fde1e2	Basic	attribute.nameformat
acd37578-e10f-4895-9239-0455d6fde1e2	Role	attribute.name
4b7aa23c-86a6-4f7a-b7f8-0cf793dde6a2	true	userinfo.token.claim
4b7aa23c-86a6-4f7a-b7f8-0cf793dde6a2	true	id.token.claim
4b7aa23c-86a6-4f7a-b7f8-0cf793dde6a2	true	access.token.claim
b423925f-d6a6-4ea5-bd99-c633261e9a4f	true	userinfo.token.claim
b423925f-d6a6-4ea5-bd99-c633261e9a4f	lastName	user.attribute
b423925f-d6a6-4ea5-bd99-c633261e9a4f	true	id.token.claim
b423925f-d6a6-4ea5-bd99-c633261e9a4f	true	access.token.claim
b423925f-d6a6-4ea5-bd99-c633261e9a4f	family_name	claim.name
b423925f-d6a6-4ea5-bd99-c633261e9a4f	String	jsonType.label
918de71e-e633-4619-8245-425484f816b2	true	userinfo.token.claim
918de71e-e633-4619-8245-425484f816b2	firstName	user.attribute
918de71e-e633-4619-8245-425484f816b2	true	id.token.claim
918de71e-e633-4619-8245-425484f816b2	true	access.token.claim
918de71e-e633-4619-8245-425484f816b2	given_name	claim.name
918de71e-e633-4619-8245-425484f816b2	String	jsonType.label
c00a850e-340c-4cce-9c39-f12a643309b5	true	userinfo.token.claim
c00a850e-340c-4cce-9c39-f12a643309b5	middleName	user.attribute
c00a850e-340c-4cce-9c39-f12a643309b5	true	id.token.claim
c00a850e-340c-4cce-9c39-f12a643309b5	true	access.token.claim
c00a850e-340c-4cce-9c39-f12a643309b5	middle_name	claim.name
c00a850e-340c-4cce-9c39-f12a643309b5	String	jsonType.label
01a3d604-f6ef-4bc6-bd01-1cd288229df5	true	userinfo.token.claim
01a3d604-f6ef-4bc6-bd01-1cd288229df5	nickname	user.attribute
01a3d604-f6ef-4bc6-bd01-1cd288229df5	true	id.token.claim
01a3d604-f6ef-4bc6-bd01-1cd288229df5	true	access.token.claim
01a3d604-f6ef-4bc6-bd01-1cd288229df5	nickname	claim.name
01a3d604-f6ef-4bc6-bd01-1cd288229df5	String	jsonType.label
fd9749e5-99bb-4bf8-a93a-b9cc986cc4e3	true	userinfo.token.claim
fd9749e5-99bb-4bf8-a93a-b9cc986cc4e3	username	user.attribute
fd9749e5-99bb-4bf8-a93a-b9cc986cc4e3	true	id.token.claim
fd9749e5-99bb-4bf8-a93a-b9cc986cc4e3	true	access.token.claim
fd9749e5-99bb-4bf8-a93a-b9cc986cc4e3	preferred_username	claim.name
fd9749e5-99bb-4bf8-a93a-b9cc986cc4e3	String	jsonType.label
b5397d6a-3f39-4169-a442-7a3e9b149f5c	true	userinfo.token.claim
b5397d6a-3f39-4169-a442-7a3e9b149f5c	profile	user.attribute
b5397d6a-3f39-4169-a442-7a3e9b149f5c	true	id.token.claim
b5397d6a-3f39-4169-a442-7a3e9b149f5c	true	access.token.claim
b5397d6a-3f39-4169-a442-7a3e9b149f5c	profile	claim.name
b5397d6a-3f39-4169-a442-7a3e9b149f5c	String	jsonType.label
7def35b3-e9c0-406d-9849-586009010311	true	userinfo.token.claim
7def35b3-e9c0-406d-9849-586009010311	picture	user.attribute
7def35b3-e9c0-406d-9849-586009010311	true	id.token.claim
7def35b3-e9c0-406d-9849-586009010311	true	access.token.claim
7def35b3-e9c0-406d-9849-586009010311	picture	claim.name
7def35b3-e9c0-406d-9849-586009010311	String	jsonType.label
b9b3a266-310f-4516-b71a-852f5a588eb1	true	userinfo.token.claim
b9b3a266-310f-4516-b71a-852f5a588eb1	website	user.attribute
b9b3a266-310f-4516-b71a-852f5a588eb1	true	id.token.claim
b9b3a266-310f-4516-b71a-852f5a588eb1	true	access.token.claim
b9b3a266-310f-4516-b71a-852f5a588eb1	website	claim.name
b9b3a266-310f-4516-b71a-852f5a588eb1	String	jsonType.label
b960f10b-e872-4e6b-904a-55247e2b9077	true	userinfo.token.claim
b960f10b-e872-4e6b-904a-55247e2b9077	gender	user.attribute
b960f10b-e872-4e6b-904a-55247e2b9077	true	id.token.claim
b960f10b-e872-4e6b-904a-55247e2b9077	true	access.token.claim
b960f10b-e872-4e6b-904a-55247e2b9077	gender	claim.name
b960f10b-e872-4e6b-904a-55247e2b9077	String	jsonType.label
31abebeb-0aaa-4536-bd98-116708e0627e	true	userinfo.token.claim
31abebeb-0aaa-4536-bd98-116708e0627e	birthdate	user.attribute
31abebeb-0aaa-4536-bd98-116708e0627e	true	id.token.claim
31abebeb-0aaa-4536-bd98-116708e0627e	true	access.token.claim
31abebeb-0aaa-4536-bd98-116708e0627e	birthdate	claim.name
31abebeb-0aaa-4536-bd98-116708e0627e	String	jsonType.label
65570a58-66be-40fa-9f23-ea7817e9a4e0	true	userinfo.token.claim
65570a58-66be-40fa-9f23-ea7817e9a4e0	zoneinfo	user.attribute
65570a58-66be-40fa-9f23-ea7817e9a4e0	true	id.token.claim
65570a58-66be-40fa-9f23-ea7817e9a4e0	true	access.token.claim
65570a58-66be-40fa-9f23-ea7817e9a4e0	zoneinfo	claim.name
65570a58-66be-40fa-9f23-ea7817e9a4e0	String	jsonType.label
bbbc7597-1046-4934-b78a-d433025d86e0	true	userinfo.token.claim
bbbc7597-1046-4934-b78a-d433025d86e0	locale	user.attribute
bbbc7597-1046-4934-b78a-d433025d86e0	true	id.token.claim
bbbc7597-1046-4934-b78a-d433025d86e0	true	access.token.claim
bbbc7597-1046-4934-b78a-d433025d86e0	locale	claim.name
bbbc7597-1046-4934-b78a-d433025d86e0	String	jsonType.label
9ff92d7a-644c-431a-af49-bb3ce4152dbd	true	userinfo.token.claim
9ff92d7a-644c-431a-af49-bb3ce4152dbd	updatedAt	user.attribute
9ff92d7a-644c-431a-af49-bb3ce4152dbd	true	id.token.claim
9ff92d7a-644c-431a-af49-bb3ce4152dbd	true	access.token.claim
9ff92d7a-644c-431a-af49-bb3ce4152dbd	updated_at	claim.name
9ff92d7a-644c-431a-af49-bb3ce4152dbd	String	jsonType.label
ee72edf7-b321-4761-891d-7b20871535ef	true	userinfo.token.claim
ee72edf7-b321-4761-891d-7b20871535ef	email	user.attribute
ee72edf7-b321-4761-891d-7b20871535ef	true	id.token.claim
ee72edf7-b321-4761-891d-7b20871535ef	true	access.token.claim
ee72edf7-b321-4761-891d-7b20871535ef	email	claim.name
ee72edf7-b321-4761-891d-7b20871535ef	String	jsonType.label
45b36e10-f1dc-4d78-8cc8-c29f1ac5e1b6	true	userinfo.token.claim
45b36e10-f1dc-4d78-8cc8-c29f1ac5e1b6	emailVerified	user.attribute
45b36e10-f1dc-4d78-8cc8-c29f1ac5e1b6	true	id.token.claim
45b36e10-f1dc-4d78-8cc8-c29f1ac5e1b6	true	access.token.claim
45b36e10-f1dc-4d78-8cc8-c29f1ac5e1b6	email_verified	claim.name
45b36e10-f1dc-4d78-8cc8-c29f1ac5e1b6	boolean	jsonType.label
f7873c2f-9459-4e4f-be18-5af7391615eb	formatted	user.attribute.formatted
f7873c2f-9459-4e4f-be18-5af7391615eb	country	user.attribute.country
f7873c2f-9459-4e4f-be18-5af7391615eb	postal_code	user.attribute.postal_code
f7873c2f-9459-4e4f-be18-5af7391615eb	true	userinfo.token.claim
f7873c2f-9459-4e4f-be18-5af7391615eb	street	user.attribute.street
f7873c2f-9459-4e4f-be18-5af7391615eb	true	id.token.claim
f7873c2f-9459-4e4f-be18-5af7391615eb	region	user.attribute.region
f7873c2f-9459-4e4f-be18-5af7391615eb	true	access.token.claim
f7873c2f-9459-4e4f-be18-5af7391615eb	locality	user.attribute.locality
ea36c566-525b-4345-80d0-3fa7d222a927	true	userinfo.token.claim
ea36c566-525b-4345-80d0-3fa7d222a927	phoneNumber	user.attribute
ea36c566-525b-4345-80d0-3fa7d222a927	true	id.token.claim
ea36c566-525b-4345-80d0-3fa7d222a927	true	access.token.claim
ea36c566-525b-4345-80d0-3fa7d222a927	phone_number	claim.name
ea36c566-525b-4345-80d0-3fa7d222a927	String	jsonType.label
fb3fff33-a1b3-4dbc-9898-43b0bf0806ab	true	userinfo.token.claim
fb3fff33-a1b3-4dbc-9898-43b0bf0806ab	phoneNumberVerified	user.attribute
fb3fff33-a1b3-4dbc-9898-43b0bf0806ab	true	id.token.claim
fb3fff33-a1b3-4dbc-9898-43b0bf0806ab	true	access.token.claim
fb3fff33-a1b3-4dbc-9898-43b0bf0806ab	phone_number_verified	claim.name
fb3fff33-a1b3-4dbc-9898-43b0bf0806ab	boolean	jsonType.label
2e063552-e01e-4fba-bf7e-954bf145baf5	true	multivalued
2e063552-e01e-4fba-bf7e-954bf145baf5	foo	user.attribute
2e063552-e01e-4fba-bf7e-954bf145baf5	true	access.token.claim
2e063552-e01e-4fba-bf7e-954bf145baf5	realm_access.roles	claim.name
2e063552-e01e-4fba-bf7e-954bf145baf5	String	jsonType.label
7c1c023e-e7e3-4f83-8d3c-e7790e2a2594	true	multivalued
7c1c023e-e7e3-4f83-8d3c-e7790e2a2594	foo	user.attribute
7c1c023e-e7e3-4f83-8d3c-e7790e2a2594	true	access.token.claim
7c1c023e-e7e3-4f83-8d3c-e7790e2a2594	resource_access.${client_id}.roles	claim.name
7c1c023e-e7e3-4f83-8d3c-e7790e2a2594	String	jsonType.label
025dab1f-692b-4187-938f-07a6def269ea	true	userinfo.token.claim
025dab1f-692b-4187-938f-07a6def269ea	username	user.attribute
025dab1f-692b-4187-938f-07a6def269ea	true	id.token.claim
025dab1f-692b-4187-938f-07a6def269ea	true	access.token.claim
025dab1f-692b-4187-938f-07a6def269ea	upn	claim.name
025dab1f-692b-4187-938f-07a6def269ea	String	jsonType.label
b348165b-2198-405b-8456-b6e2c3a44a16	true	multivalued
b348165b-2198-405b-8456-b6e2c3a44a16	foo	user.attribute
b348165b-2198-405b-8456-b6e2c3a44a16	true	id.token.claim
b348165b-2198-405b-8456-b6e2c3a44a16	true	access.token.claim
b348165b-2198-405b-8456-b6e2c3a44a16	groups	claim.name
b348165b-2198-405b-8456-b6e2c3a44a16	String	jsonType.label
5962e4d2-de57-438d-b7ee-daa29189d0b5	true	userinfo.token.claim
5962e4d2-de57-438d-b7ee-daa29189d0b5	locale	user.attribute
5962e4d2-de57-438d-b7ee-daa29189d0b5	true	id.token.claim
5962e4d2-de57-438d-b7ee-daa29189d0b5	true	access.token.claim
5962e4d2-de57-438d-b7ee-daa29189d0b5	locale	claim.name
5962e4d2-de57-438d-b7ee-daa29189d0b5	String	jsonType.label
\.


--
-- Data for Name: realm; Type: TABLE DATA; Schema: keycloak; Owner: dan_ms_user
--

COPY keycloak.realm (id, access_code_lifespan, user_action_lifespan, access_token_lifespan, account_theme, admin_theme, email_theme, enabled, events_enabled, events_expiration, login_theme, name, not_before, password_policy, registration_allowed, remember_me, reset_password_allowed, social, ssl_required, sso_idle_timeout, sso_max_lifespan, update_profile_on_soc_login, verify_email, master_admin_client, login_lifespan, internationalization_enabled, default_locale, reg_email_as_username, admin_events_enabled, admin_events_details_enabled, edit_username_allowed, otp_policy_counter, otp_policy_window, otp_policy_period, otp_policy_digits, otp_policy_alg, otp_policy_type, browser_flow, registration_flow, direct_grant_flow, reset_credentials_flow, client_auth_flow, offline_session_idle_timeout, revoke_refresh_token, access_token_life_implicit, login_with_email_allowed, duplicate_emails_allowed, docker_auth_flow, refresh_token_max_reuse, allow_user_managed_access, sso_max_lifespan_remember_me, sso_idle_timeout_remember_me, default_role) FROM stdin;
master	60	300	60	\N	\N	\N	t	f	0	\N	master	0	\N	f	f	f	f	EXTERNAL	1800	36000	f	f	e6a19ef5-c4d4-4ac8-856e-93588a409d05	1800	f	\N	f	f	f	f	0	1	30	6	HmacSHA1	totp	dd9348e2-e5fb-46f4-9db6-012f3530ba88	358178c3-56d5-47be-9b71-87be9b79c002	b593c04d-4f34-44e6-984a-e9748d7cebb4	7320ed6f-96e5-4af5-ad81-1c58add91c21	81b2041b-44be-4996-93ce-f11f1420c2ca	2592000	f	900	t	f	4b3fe5a9-5703-480f-bb1b-72bc8eace7f6	0	f	0	0	b639700d-ecb1-401f-ae49-ef125df450b5
dan	60	300	300	\N	\N	\N	t	f	0	\N	dan	0	\N	f	f	f	f	EXTERNAL	1800	36000	f	f	665219c0-d2c6-4b70-a30c-75aeff4cafa6	1800	f	\N	f	f	f	f	0	1	30	6	HmacSHA1	totp	5be3e0b0-6e6d-4f93-8e12-0f125cbfcab8	ed56126c-2f5b-434b-98a4-5bc2ae282889	409a53b7-3a4f-4711-b202-cdd0547bc01d	b0968d60-41f8-4352-8d18-3ec1fa3951fe	998ce359-ee3f-4de9-9e74-26653189ee0d	2592000	f	900	t	f	6159423f-fdd7-41a6-bb97-492a27f218a8	0	f	0	0	fe2c3849-0dde-49c7-8221-fdc2c0658c29
\.


--
-- Data for Name: realm_attribute; Type: TABLE DATA; Schema: keycloak; Owner: dan_ms_user
--

COPY keycloak.realm_attribute (name, realm_id, value) FROM stdin;
_browser_header.contentSecurityPolicyReportOnly	master	
_browser_header.xContentTypeOptions	master	nosniff
_browser_header.xRobotsTag	master	none
_browser_header.xFrameOptions	master	SAMEORIGIN
_browser_header.contentSecurityPolicy	master	frame-src 'self'; frame-ancestors 'self'; object-src 'none';
_browser_header.xXSSProtection	master	1; mode=block
_browser_header.strictTransportSecurity	master	max-age=31536000; includeSubDomains
bruteForceProtected	master	false
permanentLockout	master	false
maxFailureWaitSeconds	master	900
minimumQuickLoginWaitSeconds	master	60
waitIncrementSeconds	master	60
quickLoginCheckMilliSeconds	master	1000
maxDeltaTimeSeconds	master	43200
failureFactor	master	30
displayName	master	Keycloak
displayNameHtml	master	<div class="kc-logo-text"><span>Keycloak</span></div>
defaultSignatureAlgorithm	master	RS256
offlineSessionMaxLifespanEnabled	master	false
offlineSessionMaxLifespan	master	5184000
_browser_header.contentSecurityPolicyReportOnly	dan	
_browser_header.xContentTypeOptions	dan	nosniff
_browser_header.xRobotsTag	dan	none
_browser_header.xFrameOptions	dan	SAMEORIGIN
_browser_header.contentSecurityPolicy	dan	frame-src 'self'; frame-ancestors 'self'; object-src 'none';
_browser_header.xXSSProtection	dan	1; mode=block
_browser_header.strictTransportSecurity	dan	max-age=31536000; includeSubDomains
bruteForceProtected	dan	false
permanentLockout	dan	false
maxFailureWaitSeconds	dan	900
minimumQuickLoginWaitSeconds	dan	60
waitIncrementSeconds	dan	60
quickLoginCheckMilliSeconds	dan	1000
maxDeltaTimeSeconds	dan	43200
failureFactor	dan	30
defaultSignatureAlgorithm	dan	RS256
offlineSessionMaxLifespanEnabled	dan	false
offlineSessionMaxLifespan	dan	5184000
actionTokenGeneratedByAdminLifespan	dan	43200
actionTokenGeneratedByUserLifespan	dan	300
oauth2DeviceCodeLifespan	dan	600
oauth2DevicePollingInterval	dan	5
webAuthnPolicyRpEntityName	dan	keycloak
webAuthnPolicySignatureAlgorithms	dan	ES256
webAuthnPolicyRpId	dan	
webAuthnPolicyAttestationConveyancePreference	dan	not specified
webAuthnPolicyAuthenticatorAttachment	dan	not specified
webAuthnPolicyRequireResidentKey	dan	not specified
webAuthnPolicyUserVerificationRequirement	dan	not specified
webAuthnPolicyCreateTimeout	dan	0
webAuthnPolicyAvoidSameAuthenticatorRegister	dan	false
webAuthnPolicyRpEntityNamePasswordless	dan	keycloak
webAuthnPolicySignatureAlgorithmsPasswordless	dan	ES256
webAuthnPolicyRpIdPasswordless	dan	
webAuthnPolicyAttestationConveyancePreferencePasswordless	dan	not specified
webAuthnPolicyAuthenticatorAttachmentPasswordless	dan	not specified
webAuthnPolicyRequireResidentKeyPasswordless	dan	not specified
webAuthnPolicyUserVerificationRequirementPasswordless	dan	not specified
webAuthnPolicyCreateTimeoutPasswordless	dan	0
webAuthnPolicyAvoidSameAuthenticatorRegisterPasswordless	dan	false
cibaBackchannelTokenDeliveryMode	dan	poll
cibaExpiresIn	dan	120
cibaInterval	dan	5
cibaAuthRequestedUserHint	dan	login_hint
parRequestUriLifespan	dan	60
\.


--
-- Data for Name: realm_default_groups; Type: TABLE DATA; Schema: keycloak; Owner: dan_ms_user
--

COPY keycloak.realm_default_groups (realm_id, group_id) FROM stdin;
\.


--
-- Data for Name: realm_enabled_event_types; Type: TABLE DATA; Schema: keycloak; Owner: dan_ms_user
--

COPY keycloak.realm_enabled_event_types (realm_id, value) FROM stdin;
\.


--
-- Data for Name: realm_events_listeners; Type: TABLE DATA; Schema: keycloak; Owner: dan_ms_user
--

COPY keycloak.realm_events_listeners (realm_id, value) FROM stdin;
master	jboss-logging
dan	jboss-logging
\.


--
-- Data for Name: realm_localizations; Type: TABLE DATA; Schema: keycloak; Owner: dan_ms_user
--

COPY keycloak.realm_localizations (realm_id, locale, texts) FROM stdin;
\.


--
-- Data for Name: realm_required_credential; Type: TABLE DATA; Schema: keycloak; Owner: dan_ms_user
--

COPY keycloak.realm_required_credential (type, form_label, input, secret, realm_id) FROM stdin;
password	password	t	t	master
password	password	t	t	dan
\.


--
-- Data for Name: realm_smtp_config; Type: TABLE DATA; Schema: keycloak; Owner: dan_ms_user
--

COPY keycloak.realm_smtp_config (realm_id, value, name) FROM stdin;
\.


--
-- Data for Name: realm_supported_locales; Type: TABLE DATA; Schema: keycloak; Owner: dan_ms_user
--

COPY keycloak.realm_supported_locales (realm_id, value) FROM stdin;
\.


--
-- Data for Name: redirect_uris; Type: TABLE DATA; Schema: keycloak; Owner: dan_ms_user
--

COPY keycloak.redirect_uris (client_id, value) FROM stdin;
357fc79e-246a-46ee-8d0e-116f178b6ee0	/realms/master/account/*
1e9cdded-1903-477c-95c8-c110acd80468	/realms/master/account/*
85188196-99f5-43ce-85de-f326e7672116	/admin/master/console/*
6ca9e4c2-f0e2-4ef8-a82e-d0d2d5dd3980	/realms/dan/account/*
487a8801-2e4a-41e9-93cc-b9f1d94b5fb0	/realms/dan/account/*
eb6de590-cd58-4606-9a83-e7239a375e72	/admin/dan/console/*
\.


--
-- Data for Name: required_action_config; Type: TABLE DATA; Schema: keycloak; Owner: dan_ms_user
--

COPY keycloak.required_action_config (required_action_id, value, name) FROM stdin;
\.


--
-- Data for Name: required_action_provider; Type: TABLE DATA; Schema: keycloak; Owner: dan_ms_user
--

COPY keycloak.required_action_provider (id, alias, name, realm_id, enabled, default_action, provider_id, priority) FROM stdin;
7c6dd78a-a6b5-462a-a2c0-62f3d0cf084e	VERIFY_EMAIL	Verify Email	master	t	f	VERIFY_EMAIL	50
4320b14f-8caa-4a3b-bffb-a033094b7c6a	UPDATE_PROFILE	Update Profile	master	t	f	UPDATE_PROFILE	40
166bc85b-3d6b-4467-b08c-f3605d6f8ed1	CONFIGURE_TOTP	Configure OTP	master	t	f	CONFIGURE_TOTP	10
e97dca20-c5c9-49fb-be6d-3a9122fb3ce0	UPDATE_PASSWORD	Update Password	master	t	f	UPDATE_PASSWORD	30
262eda90-18b2-45d9-b280-24f79cf231b9	terms_and_conditions	Terms and Conditions	master	f	f	terms_and_conditions	20
7c634f18-4f68-4538-8662-84237b4b00e8	update_user_locale	Update User Locale	master	t	f	update_user_locale	1000
7659e4ea-7df9-49ff-95e8-fe5070ff1e48	delete_account	Delete Account	master	f	f	delete_account	60
7a1bd16c-5f67-4c46-a900-3a82f1da4377	VERIFY_EMAIL	Verify Email	dan	t	f	VERIFY_EMAIL	50
92156d65-0e15-4c23-8470-78815d501044	UPDATE_PROFILE	Update Profile	dan	t	f	UPDATE_PROFILE	40
cc67e63c-b6d9-4be1-a348-d0b627af768d	CONFIGURE_TOTP	Configure OTP	dan	t	f	CONFIGURE_TOTP	10
5e1446d3-d794-4cb9-bcdb-5948fdf2489b	UPDATE_PASSWORD	Update Password	dan	t	f	UPDATE_PASSWORD	30
fec46e5e-be85-4e9f-aa7d-b0b9efb34490	terms_and_conditions	Terms and Conditions	dan	f	f	terms_and_conditions	20
72a56040-2363-49dd-a4a8-87129a35aaad	update_user_locale	Update User Locale	dan	t	f	update_user_locale	1000
3276ea4b-5fd1-4466-8a80-68885416cbe3	delete_account	Delete Account	dan	f	f	delete_account	60
\.


--
-- Data for Name: resource_attribute; Type: TABLE DATA; Schema: keycloak; Owner: dan_ms_user
--

COPY keycloak.resource_attribute (id, name, value, resource_id) FROM stdin;
\.


--
-- Data for Name: resource_policy; Type: TABLE DATA; Schema: keycloak; Owner: dan_ms_user
--

COPY keycloak.resource_policy (resource_id, policy_id) FROM stdin;
\.


--
-- Data for Name: resource_scope; Type: TABLE DATA; Schema: keycloak; Owner: dan_ms_user
--

COPY keycloak.resource_scope (resource_id, scope_id) FROM stdin;
\.


--
-- Data for Name: resource_server; Type: TABLE DATA; Schema: keycloak; Owner: dan_ms_user
--

COPY keycloak.resource_server (id, allow_rs_remote_mgmt, policy_enforce_mode, decision_strategy) FROM stdin;
\.


--
-- Data for Name: resource_server_perm_ticket; Type: TABLE DATA; Schema: keycloak; Owner: dan_ms_user
--

COPY keycloak.resource_server_perm_ticket (id, owner, requester, created_timestamp, granted_timestamp, resource_id, scope_id, resource_server_id, policy_id) FROM stdin;
\.


--
-- Data for Name: resource_server_policy; Type: TABLE DATA; Schema: keycloak; Owner: dan_ms_user
--

COPY keycloak.resource_server_policy (id, name, description, type, decision_strategy, logic, resource_server_id, owner) FROM stdin;
\.


--
-- Data for Name: resource_server_resource; Type: TABLE DATA; Schema: keycloak; Owner: dan_ms_user
--

COPY keycloak.resource_server_resource (id, name, type, icon_uri, owner, resource_server_id, owner_managed_access, display_name) FROM stdin;
\.


--
-- Data for Name: resource_server_scope; Type: TABLE DATA; Schema: keycloak; Owner: dan_ms_user
--

COPY keycloak.resource_server_scope (id, name, icon_uri, resource_server_id, display_name) FROM stdin;
\.


--
-- Data for Name: resource_uris; Type: TABLE DATA; Schema: keycloak; Owner: dan_ms_user
--

COPY keycloak.resource_uris (resource_id, value) FROM stdin;
\.


--
-- Data for Name: role_attribute; Type: TABLE DATA; Schema: keycloak; Owner: dan_ms_user
--

COPY keycloak.role_attribute (id, role_id, name, value) FROM stdin;
\.


--
-- Data for Name: scope_mapping; Type: TABLE DATA; Schema: keycloak; Owner: dan_ms_user
--

COPY keycloak.scope_mapping (client_id, role_id) FROM stdin;
1e9cdded-1903-477c-95c8-c110acd80468	dc3bae46-f90b-4603-820c-c6b384864e76
487a8801-2e4a-41e9-93cc-b9f1d94b5fb0	03870c6c-6b74-4319-a948-6c04a34923d0
\.


--
-- Data for Name: scope_policy; Type: TABLE DATA; Schema: keycloak; Owner: dan_ms_user
--

COPY keycloak.scope_policy (scope_id, policy_id) FROM stdin;
\.


--
-- Data for Name: user_attribute; Type: TABLE DATA; Schema: keycloak; Owner: dan_ms_user
--

COPY keycloak.user_attribute (name, value, user_id, id) FROM stdin;
\.


--
-- Data for Name: user_consent; Type: TABLE DATA; Schema: keycloak; Owner: dan_ms_user
--

COPY keycloak.user_consent (id, client_id, user_id, created_date, last_updated_date, client_storage_provider, external_client_id) FROM stdin;
\.


--
-- Data for Name: user_consent_client_scope; Type: TABLE DATA; Schema: keycloak; Owner: dan_ms_user
--

COPY keycloak.user_consent_client_scope (user_consent_id, scope_id) FROM stdin;
\.


--
-- Data for Name: user_entity; Type: TABLE DATA; Schema: keycloak; Owner: dan_ms_user
--

COPY keycloak.user_entity (id, email, email_constraint, email_verified, enabled, federation_link, first_name, last_name, realm_id, username, created_timestamp, service_account_client_link, not_before) FROM stdin;
f5fb743c-0ade-4e5d-ae75-e1838aac1ed3	\N	1821dc11-15ad-4eef-978a-e17efaa32196	f	t	\N	\N	\N	master	admin	1629351292153	\N	0
ea6ab45f-3dd4-4ea5-bbe0-0ab95af0cefb	ltricarique@gmail.com	ltricarique@gmail.com	t	t	\N	Leandro	TRICARIQUE	dan	ltricarique	1629352049300	\N	0
5df38e90-fe34-4727-b3e7-e29b69460035	francisco.gautero@gmail.com	francisco.gautero@gmail.com	t	t	\N	Francisco	GAUTERO	dan	fgautero	1629352174054	\N	0
\.


--
-- Data for Name: user_federation_config; Type: TABLE DATA; Schema: keycloak; Owner: dan_ms_user
--

COPY keycloak.user_federation_config (user_federation_provider_id, value, name) FROM stdin;
\.


--
-- Data for Name: user_federation_mapper; Type: TABLE DATA; Schema: keycloak; Owner: dan_ms_user
--

COPY keycloak.user_federation_mapper (id, name, federation_provider_id, federation_mapper_type, realm_id) FROM stdin;
\.


--
-- Data for Name: user_federation_mapper_config; Type: TABLE DATA; Schema: keycloak; Owner: dan_ms_user
--

COPY keycloak.user_federation_mapper_config (user_federation_mapper_id, value, name) FROM stdin;
\.


--
-- Data for Name: user_federation_provider; Type: TABLE DATA; Schema: keycloak; Owner: dan_ms_user
--

COPY keycloak.user_federation_provider (id, changed_sync_period, display_name, full_sync_period, last_sync, priority, provider_name, realm_id) FROM stdin;
\.


--
-- Data for Name: user_group_membership; Type: TABLE DATA; Schema: keycloak; Owner: dan_ms_user
--

COPY keycloak.user_group_membership (group_id, user_id) FROM stdin;
\.


--
-- Data for Name: user_required_action; Type: TABLE DATA; Schema: keycloak; Owner: dan_ms_user
--

COPY keycloak.user_required_action (user_id, required_action) FROM stdin;
\.


--
-- Data for Name: user_role_mapping; Type: TABLE DATA; Schema: keycloak; Owner: dan_ms_user
--

COPY keycloak.user_role_mapping (role_id, user_id) FROM stdin;
b639700d-ecb1-401f-ae49-ef125df450b5	f5fb743c-0ade-4e5d-ae75-e1838aac1ed3
93e15752-f9d8-481b-8bb6-6a54a8710194	f5fb743c-0ade-4e5d-ae75-e1838aac1ed3
fe2c3849-0dde-49c7-8221-fdc2c0658c29	ea6ab45f-3dd4-4ea5-bbe0-0ab95af0cefb
14f272cd-6aaf-426a-a66b-fda6424260f3	ea6ab45f-3dd4-4ea5-bbe0-0ab95af0cefb
fe2c3849-0dde-49c7-8221-fdc2c0658c29	5df38e90-fe34-4727-b3e7-e29b69460035
14f272cd-6aaf-426a-a66b-fda6424260f3	5df38e90-fe34-4727-b3e7-e29b69460035
\.


--
-- Data for Name: user_session; Type: TABLE DATA; Schema: keycloak; Owner: dan_ms_user
--

COPY keycloak.user_session (id, auth_method, ip_address, last_session_refresh, login_username, realm_id, remember_me, started, user_id, user_session_state, broker_session_id, broker_user_id) FROM stdin;
\.


--
-- Data for Name: user_session_note; Type: TABLE DATA; Schema: keycloak; Owner: dan_ms_user
--

COPY keycloak.user_session_note (user_session, name, value) FROM stdin;
\.


--
-- Data for Name: username_login_failure; Type: TABLE DATA; Schema: keycloak; Owner: dan_ms_user
--

COPY keycloak.username_login_failure (realm_id, username, failed_login_not_before, last_failure, last_ip_failure, num_failures) FROM stdin;
\.


--
-- Data for Name: web_origins; Type: TABLE DATA; Schema: keycloak; Owner: dan_ms_user
--

COPY keycloak.web_origins (client_id, value) FROM stdin;
85188196-99f5-43ce-85de-f326e7672116	+
eb6de590-cd58-4606-9a83-e7239a375e72	+
\.


--
-- Data for Name: camion; Type: TABLE DATA; Schema: ms_envio; Owner: dan_ms_user
--

COPY ms_envio.camion (id, capacidad, chofer, dominio, marca, modelo, id_estado) FROM stdin;
1	10000.00	Pablo SANCHEZ	AE000AA	Scania	114	1
2	10000.00	Matas GARCA	AE001AA	Scania	114	1
3	10000.00	Juan MILESI	AE002AA	Scania	114	1
4	10000.00	Martn SUAREZ	AE003AA	Scania	114	1
\.


--
-- Data for Name: envio; Type: TABLE DATA; Schema: ms_envio; Owner: dan_ms_user
--

COPY ms_envio.envio (id, id_camion, id_remito) FROM stdin;
\.


--
-- Data for Name: estado_camion; Type: TABLE DATA; Schema: ms_envio; Owner: dan_ms_user
--

COPY ms_envio.estado_camion (id, estado) FROM stdin;
1	Libre
2	En Viaje
\.


--
-- Data for Name: remito; Type: TABLE DATA; Schema: ms_envio; Owner: dan_ms_user
--

COPY ms_envio.remito (id, numero) FROM stdin;
\.


--
-- Data for Name: detalle_provision; Type: TABLE DATA; Schema: ms_material; Owner: dan_ms_user
--

COPY ms_material.detalle_provision (id, cantidad, id_material, id_provision) FROM stdin;
\.


--
-- Data for Name: material; Type: TABLE DATA; Schema: ms_material; Owner: dan_ms_user
--

COPY ms_material.material (id, cantidad_minima, descripcion, descuento_cantidad, nombre, precio_unitario, stock_actual, stock_minimo, id_unidad) FROM stdin;
\.


--
-- Data for Name: movimiento_stock; Type: TABLE DATA; Schema: ms_material; Owner: dan_ms_user
--

COPY ms_material.movimiento_stock (id, cantidad_entrada, cantidad_salida, fecha, id_detalle_pedido, id_detalle_provision, id_material) FROM stdin;
\.


--
-- Data for Name: provision; Type: TABLE DATA; Schema: ms_material; Owner: dan_ms_user
--

COPY ms_material.provision (id, fecha_provision) FROM stdin;
\.


--
-- Data for Name: unidad; Type: TABLE DATA; Schema: ms_material; Owner: dan_ms_user
--

COPY ms_material.unidad (id, descripcion) FROM stdin;
1	Unidad
2	kg
3	m
4	l
\.


--
-- Data for Name: cheque; Type: TABLE DATA; Schema: ms_pago; Owner: dan_ms_user
--

COPY ms_pago.cheque (banco, fecha_cobro, numero_cheque, id) FROM stdin;
\.


--
-- Data for Name: efectivo; Type: TABLE DATA; Schema: ms_pago; Owner: dan_ms_user
--

COPY ms_pago.efectivo (numero_recibo, id) FROM stdin;
\.


--
-- Data for Name: medio_pago; Type: TABLE DATA; Schema: ms_pago; Owner: dan_ms_user
--

COPY ms_pago.medio_pago (id, observacion) FROM stdin;
\.


--
-- Data for Name: pago; Type: TABLE DATA; Schema: ms_pago; Owner: dan_ms_user
--

COPY ms_pago.pago (id, fecha_pago, id_cliente, id_medio) FROM stdin;
\.


--
-- Data for Name: transferencia; Type: TABLE DATA; Schema: ms_pago; Owner: dan_ms_user
--

COPY ms_pago.transferencia (cbu_destino, cbu_origen, codigo_transferencia, id) FROM stdin;
\.


--
-- Data for Name: detalle_pedido; Type: TABLE DATA; Schema: ms_pedido; Owner: dan_ms_user
--

COPY ms_pedido.detalle_pedido (id, cantidad, precio, id_material, id_pedido) FROM stdin;
\.


--
-- Data for Name: estado_pedido; Type: TABLE DATA; Schema: ms_pedido; Owner: dan_ms_user
--

COPY ms_pedido.estado_pedido (id, estado) FROM stdin;
1	Nuevo
2	Confirmado
3	Pendiente
4	Cancelado
5	Aceptado
6	Rechazado
7	En Preparacin
8	En Viaje
9	Entregado
\.


--
-- Data for Name: pedido; Type: TABLE DATA; Schema: ms_pedido; Owner: dan_ms_user
--

COPY ms_pedido.pedido (id, fecha_envio, fecha_pedido, id_envio, id_estado, id_obra) FROM stdin;
\.


--
-- Data for Name: cliente; Type: TABLE DATA; Schema: ms_usuario; Owner: dan_ms_user
--

COPY ms_usuario.cliente (id, cuit, email, fecha_baja, habilitado_online, maximo_cuenta_corriente, razon_social, id_usuario) FROM stdin;
\.


--
-- Data for Name: empleado; Type: TABLE DATA; Schema: ms_usuario; Owner: dan_ms_user
--

COPY ms_usuario.empleado (id, apellido, email, nombre, id_usuario) FROM stdin;
\.


--
-- Data for Name: obra; Type: TABLE DATA; Schema: ms_usuario; Owner: dan_ms_user
--

COPY ms_usuario.obra (id, descripcion, direccion, latitud, longitud, superficie, id_cliente, id_tipo_obra) FROM stdin;
\.


--
-- Data for Name: tipo_obra; Type: TABLE DATA; Schema: ms_usuario; Owner: dan_ms_user
--

COPY ms_usuario.tipo_obra (id, tipo) FROM stdin;
1	Reforma
2	Casa
3	Edificio
4	Vial
\.


--
-- Data for Name: tipo_usuario; Type: TABLE DATA; Schema: ms_usuario; Owner: dan_ms_user
--

COPY ms_usuario.tipo_usuario (id, tipo) FROM stdin;
1	Cliente
2	Vendedor
\.


--
-- Data for Name: usuario; Type: TABLE DATA; Schema: ms_usuario; Owner: dan_ms_user
--

COPY ms_usuario.usuario (id, clave, nombre, id_tipo_usuario) FROM stdin;
\.


--
-- Name: secuencia_camion; Type: SEQUENCE SET; Schema: ms_envio; Owner: dan_ms_user
--

SELECT pg_catalog.setval('ms_envio.secuencia_camion', 4, true);


--
-- Name: secuencia_envio; Type: SEQUENCE SET; Schema: ms_envio; Owner: dan_ms_user
--

SELECT pg_catalog.setval('ms_envio.secuencia_envio', 1, false);


--
-- Name: secuencia_remito; Type: SEQUENCE SET; Schema: ms_envio; Owner: dan_ms_user
--

SELECT pg_catalog.setval('ms_envio.secuencia_remito', 1, false);


--
-- Name: secuencia_detalle_provision; Type: SEQUENCE SET; Schema: ms_material; Owner: dan_ms_user
--

SELECT pg_catalog.setval('ms_material.secuencia_detalle_provision', 1, false);


--
-- Name: secuencia_material; Type: SEQUENCE SET; Schema: ms_material; Owner: dan_ms_user
--

SELECT pg_catalog.setval('ms_material.secuencia_material', 1, false);


--
-- Name: secuencia_movimiento_stock; Type: SEQUENCE SET; Schema: ms_material; Owner: dan_ms_user
--

SELECT pg_catalog.setval('ms_material.secuencia_movimiento_stock', 1, false);


--
-- Name: secuencia_provision; Type: SEQUENCE SET; Schema: ms_material; Owner: dan_ms_user
--

SELECT pg_catalog.setval('ms_material.secuencia_provision', 1, false);


--
-- Name: secuencia_medio_pago; Type: SEQUENCE SET; Schema: ms_pago; Owner: dan_ms_user
--

SELECT pg_catalog.setval('ms_pago.secuencia_medio_pago', 1, false);


--
-- Name: secuencia_pago; Type: SEQUENCE SET; Schema: ms_pago; Owner: dan_ms_user
--

SELECT pg_catalog.setval('ms_pago.secuencia_pago', 1, false);


--
-- Name: secuencia_detalle_pedido; Type: SEQUENCE SET; Schema: ms_pedido; Owner: dan_ms_user
--

SELECT pg_catalog.setval('ms_pedido.secuencia_detalle_pedido', 1, false);


--
-- Name: secuencia_pedido; Type: SEQUENCE SET; Schema: ms_pedido; Owner: dan_ms_user
--

SELECT pg_catalog.setval('ms_pedido.secuencia_pedido', 1, false);


--
-- Name: secuencia_cliente; Type: SEQUENCE SET; Schema: ms_usuario; Owner: dan_ms_user
--

SELECT pg_catalog.setval('ms_usuario.secuencia_cliente', 1, false);


--
-- Name: secuencia_empleado; Type: SEQUENCE SET; Schema: ms_usuario; Owner: dan_ms_user
--

SELECT pg_catalog.setval('ms_usuario.secuencia_empleado', 1, false);


--
-- Name: secuencia_obra; Type: SEQUENCE SET; Schema: ms_usuario; Owner: dan_ms_user
--

SELECT pg_catalog.setval('ms_usuario.secuencia_obra', 1, false);


--
-- Name: secuencia_usuario; Type: SEQUENCE SET; Schema: ms_usuario; Owner: dan_ms_user
--

SELECT pg_catalog.setval('ms_usuario.secuencia_usuario', 1, false);


--
-- Name: username_login_failure CONSTRAINT_17-2; Type: CONSTRAINT; Schema: keycloak; Owner: dan_ms_user
--

ALTER TABLE ONLY keycloak.username_login_failure
    ADD CONSTRAINT "CONSTRAINT_17-2" PRIMARY KEY (realm_id, username);


--
-- Name: keycloak_role UK_J3RWUVD56ONTGSUHOGM184WW2-2; Type: CONSTRAINT; Schema: keycloak; Owner: dan_ms_user
--

ALTER TABLE ONLY keycloak.keycloak_role
    ADD CONSTRAINT "UK_J3RWUVD56ONTGSUHOGM184WW2-2" UNIQUE (name, client_realm_constraint);


--
-- Name: client_auth_flow_bindings c_cli_flow_bind; Type: CONSTRAINT; Schema: keycloak; Owner: dan_ms_user
--

ALTER TABLE ONLY keycloak.client_auth_flow_bindings
    ADD CONSTRAINT c_cli_flow_bind PRIMARY KEY (client_id, binding_name);


--
-- Name: client_scope_client c_cli_scope_bind; Type: CONSTRAINT; Schema: keycloak; Owner: dan_ms_user
--

ALTER TABLE ONLY keycloak.client_scope_client
    ADD CONSTRAINT c_cli_scope_bind PRIMARY KEY (client_id, scope_id);


--
-- Name: client_initial_access cnstr_client_init_acc_pk; Type: CONSTRAINT; Schema: keycloak; Owner: dan_ms_user
--

ALTER TABLE ONLY keycloak.client_initial_access
    ADD CONSTRAINT cnstr_client_init_acc_pk PRIMARY KEY (id);


--
-- Name: realm_default_groups con_group_id_def_groups; Type: CONSTRAINT; Schema: keycloak; Owner: dan_ms_user
--

ALTER TABLE ONLY keycloak.realm_default_groups
    ADD CONSTRAINT con_group_id_def_groups UNIQUE (group_id);


--
-- Name: broker_link constr_broker_link_pk; Type: CONSTRAINT; Schema: keycloak; Owner: dan_ms_user
--

ALTER TABLE ONLY keycloak.broker_link
    ADD CONSTRAINT constr_broker_link_pk PRIMARY KEY (identity_provider, user_id);


--
-- Name: client_user_session_note constr_cl_usr_ses_note; Type: CONSTRAINT; Schema: keycloak; Owner: dan_ms_user
--

ALTER TABLE ONLY keycloak.client_user_session_note
    ADD CONSTRAINT constr_cl_usr_ses_note PRIMARY KEY (client_session, name);


--
-- Name: component_config constr_component_config_pk; Type: CONSTRAINT; Schema: keycloak; Owner: dan_ms_user
--

ALTER TABLE ONLY keycloak.component_config
    ADD CONSTRAINT constr_component_config_pk PRIMARY KEY (id);


--
-- Name: component constr_component_pk; Type: CONSTRAINT; Schema: keycloak; Owner: dan_ms_user
--

ALTER TABLE ONLY keycloak.component
    ADD CONSTRAINT constr_component_pk PRIMARY KEY (id);


--
-- Name: fed_user_required_action constr_fed_required_action; Type: CONSTRAINT; Schema: keycloak; Owner: dan_ms_user
--

ALTER TABLE ONLY keycloak.fed_user_required_action
    ADD CONSTRAINT constr_fed_required_action PRIMARY KEY (required_action, user_id);


--
-- Name: fed_user_attribute constr_fed_user_attr_pk; Type: CONSTRAINT; Schema: keycloak; Owner: dan_ms_user
--

ALTER TABLE ONLY keycloak.fed_user_attribute
    ADD CONSTRAINT constr_fed_user_attr_pk PRIMARY KEY (id);


--
-- Name: fed_user_consent constr_fed_user_consent_pk; Type: CONSTRAINT; Schema: keycloak; Owner: dan_ms_user
--

ALTER TABLE ONLY keycloak.fed_user_consent
    ADD CONSTRAINT constr_fed_user_consent_pk PRIMARY KEY (id);


--
-- Name: fed_user_credential constr_fed_user_cred_pk; Type: CONSTRAINT; Schema: keycloak; Owner: dan_ms_user
--

ALTER TABLE ONLY keycloak.fed_user_credential
    ADD CONSTRAINT constr_fed_user_cred_pk PRIMARY KEY (id);


--
-- Name: fed_user_group_membership constr_fed_user_group; Type: CONSTRAINT; Schema: keycloak; Owner: dan_ms_user
--

ALTER TABLE ONLY keycloak.fed_user_group_membership
    ADD CONSTRAINT constr_fed_user_group PRIMARY KEY (group_id, user_id);


--
-- Name: fed_user_role_mapping constr_fed_user_role; Type: CONSTRAINT; Schema: keycloak; Owner: dan_ms_user
--

ALTER TABLE ONLY keycloak.fed_user_role_mapping
    ADD CONSTRAINT constr_fed_user_role PRIMARY KEY (role_id, user_id);


--
-- Name: federated_user constr_federated_user; Type: CONSTRAINT; Schema: keycloak; Owner: dan_ms_user
--

ALTER TABLE ONLY keycloak.federated_user
    ADD CONSTRAINT constr_federated_user PRIMARY KEY (id);


--
-- Name: realm_default_groups constr_realm_default_groups; Type: CONSTRAINT; Schema: keycloak; Owner: dan_ms_user
--

ALTER TABLE ONLY keycloak.realm_default_groups
    ADD CONSTRAINT constr_realm_default_groups PRIMARY KEY (realm_id, group_id);


--
-- Name: realm_enabled_event_types constr_realm_enabl_event_types; Type: CONSTRAINT; Schema: keycloak; Owner: dan_ms_user
--

ALTER TABLE ONLY keycloak.realm_enabled_event_types
    ADD CONSTRAINT constr_realm_enabl_event_types PRIMARY KEY (realm_id, value);


--
-- Name: realm_events_listeners constr_realm_events_listeners; Type: CONSTRAINT; Schema: keycloak; Owner: dan_ms_user
--

ALTER TABLE ONLY keycloak.realm_events_listeners
    ADD CONSTRAINT constr_realm_events_listeners PRIMARY KEY (realm_id, value);


--
-- Name: realm_supported_locales constr_realm_supported_locales; Type: CONSTRAINT; Schema: keycloak; Owner: dan_ms_user
--

ALTER TABLE ONLY keycloak.realm_supported_locales
    ADD CONSTRAINT constr_realm_supported_locales PRIMARY KEY (realm_id, value);


--
-- Name: identity_provider constraint_2b; Type: CONSTRAINT; Schema: keycloak; Owner: dan_ms_user
--

ALTER TABLE ONLY keycloak.identity_provider
    ADD CONSTRAINT constraint_2b PRIMARY KEY (internal_id);


--
-- Name: client_attributes constraint_3c; Type: CONSTRAINT; Schema: keycloak; Owner: dan_ms_user
--

ALTER TABLE ONLY keycloak.client_attributes
    ADD CONSTRAINT constraint_3c PRIMARY KEY (client_id, name);


--
-- Name: event_entity constraint_4; Type: CONSTRAINT; Schema: keycloak; Owner: dan_ms_user
--

ALTER TABLE ONLY keycloak.event_entity
    ADD CONSTRAINT constraint_4 PRIMARY KEY (id);


--
-- Name: federated_identity constraint_40; Type: CONSTRAINT; Schema: keycloak; Owner: dan_ms_user
--

ALTER TABLE ONLY keycloak.federated_identity
    ADD CONSTRAINT constraint_40 PRIMARY KEY (identity_provider, user_id);


--
-- Name: realm constraint_4a; Type: CONSTRAINT; Schema: keycloak; Owner: dan_ms_user
--

ALTER TABLE ONLY keycloak.realm
    ADD CONSTRAINT constraint_4a PRIMARY KEY (id);


--
-- Name: client_session_role constraint_5; Type: CONSTRAINT; Schema: keycloak; Owner: dan_ms_user
--

ALTER TABLE ONLY keycloak.client_session_role
    ADD CONSTRAINT constraint_5 PRIMARY KEY (client_session, role_id);


--
-- Name: user_session constraint_57; Type: CONSTRAINT; Schema: keycloak; Owner: dan_ms_user
--

ALTER TABLE ONLY keycloak.user_session
    ADD CONSTRAINT constraint_57 PRIMARY KEY (id);


--
-- Name: user_federation_provider constraint_5c; Type: CONSTRAINT; Schema: keycloak; Owner: dan_ms_user
--

ALTER TABLE ONLY keycloak.user_federation_provider
    ADD CONSTRAINT constraint_5c PRIMARY KEY (id);


--
-- Name: client_session_note constraint_5e; Type: CONSTRAINT; Schema: keycloak; Owner: dan_ms_user
--

ALTER TABLE ONLY keycloak.client_session_note
    ADD CONSTRAINT constraint_5e PRIMARY KEY (client_session, name);


--
-- Name: client constraint_7; Type: CONSTRAINT; Schema: keycloak; Owner: dan_ms_user
--

ALTER TABLE ONLY keycloak.client
    ADD CONSTRAINT constraint_7 PRIMARY KEY (id);


--
-- Name: client_session constraint_8; Type: CONSTRAINT; Schema: keycloak; Owner: dan_ms_user
--

ALTER TABLE ONLY keycloak.client_session
    ADD CONSTRAINT constraint_8 PRIMARY KEY (id);


--
-- Name: scope_mapping constraint_81; Type: CONSTRAINT; Schema: keycloak; Owner: dan_ms_user
--

ALTER TABLE ONLY keycloak.scope_mapping
    ADD CONSTRAINT constraint_81 PRIMARY KEY (client_id, role_id);


--
-- Name: client_node_registrations constraint_84; Type: CONSTRAINT; Schema: keycloak; Owner: dan_ms_user
--

ALTER TABLE ONLY keycloak.client_node_registrations
    ADD CONSTRAINT constraint_84 PRIMARY KEY (client_id, name);


--
-- Name: realm_attribute constraint_9; Type: CONSTRAINT; Schema: keycloak; Owner: dan_ms_user
--

ALTER TABLE ONLY keycloak.realm_attribute
    ADD CONSTRAINT constraint_9 PRIMARY KEY (name, realm_id);


--
-- Name: realm_required_credential constraint_92; Type: CONSTRAINT; Schema: keycloak; Owner: dan_ms_user
--

ALTER TABLE ONLY keycloak.realm_required_credential
    ADD CONSTRAINT constraint_92 PRIMARY KEY (realm_id, type);


--
-- Name: keycloak_role constraint_a; Type: CONSTRAINT; Schema: keycloak; Owner: dan_ms_user
--

ALTER TABLE ONLY keycloak.keycloak_role
    ADD CONSTRAINT constraint_a PRIMARY KEY (id);


--
-- Name: admin_event_entity constraint_admin_event_entity; Type: CONSTRAINT; Schema: keycloak; Owner: dan_ms_user
--

ALTER TABLE ONLY keycloak.admin_event_entity
    ADD CONSTRAINT constraint_admin_event_entity PRIMARY KEY (id);


--
-- Name: authenticator_config_entry constraint_auth_cfg_pk; Type: CONSTRAINT; Schema: keycloak; Owner: dan_ms_user
--

ALTER TABLE ONLY keycloak.authenticator_config_entry
    ADD CONSTRAINT constraint_auth_cfg_pk PRIMARY KEY (authenticator_id, name);


--
-- Name: authentication_execution constraint_auth_exec_pk; Type: CONSTRAINT; Schema: keycloak; Owner: dan_ms_user
--

ALTER TABLE ONLY keycloak.authentication_execution
    ADD CONSTRAINT constraint_auth_exec_pk PRIMARY KEY (id);


--
-- Name: authentication_flow constraint_auth_flow_pk; Type: CONSTRAINT; Schema: keycloak; Owner: dan_ms_user
--

ALTER TABLE ONLY keycloak.authentication_flow
    ADD CONSTRAINT constraint_auth_flow_pk PRIMARY KEY (id);


--
-- Name: authenticator_config constraint_auth_pk; Type: CONSTRAINT; Schema: keycloak; Owner: dan_ms_user
--

ALTER TABLE ONLY keycloak.authenticator_config
    ADD CONSTRAINT constraint_auth_pk PRIMARY KEY (id);


--
-- Name: client_session_auth_status constraint_auth_status_pk; Type: CONSTRAINT; Schema: keycloak; Owner: dan_ms_user
--

ALTER TABLE ONLY keycloak.client_session_auth_status
    ADD CONSTRAINT constraint_auth_status_pk PRIMARY KEY (client_session, authenticator);


--
-- Name: user_role_mapping constraint_c; Type: CONSTRAINT; Schema: keycloak; Owner: dan_ms_user
--

ALTER TABLE ONLY keycloak.user_role_mapping
    ADD CONSTRAINT constraint_c PRIMARY KEY (role_id, user_id);


--
-- Name: composite_role constraint_composite_role; Type: CONSTRAINT; Schema: keycloak; Owner: dan_ms_user
--

ALTER TABLE ONLY keycloak.composite_role
    ADD CONSTRAINT constraint_composite_role PRIMARY KEY (composite, child_role);


--
-- Name: client_session_prot_mapper constraint_cs_pmp_pk; Type: CONSTRAINT; Schema: keycloak; Owner: dan_ms_user
--

ALTER TABLE ONLY keycloak.client_session_prot_mapper
    ADD CONSTRAINT constraint_cs_pmp_pk PRIMARY KEY (client_session, protocol_mapper_id);


--
-- Name: identity_provider_config constraint_d; Type: CONSTRAINT; Schema: keycloak; Owner: dan_ms_user
--

ALTER TABLE ONLY keycloak.identity_provider_config
    ADD CONSTRAINT constraint_d PRIMARY KEY (identity_provider_id, name);


--
-- Name: policy_config constraint_dpc; Type: CONSTRAINT; Schema: keycloak; Owner: dan_ms_user
--

ALTER TABLE ONLY keycloak.policy_config
    ADD CONSTRAINT constraint_dpc PRIMARY KEY (policy_id, name);


--
-- Name: realm_smtp_config constraint_e; Type: CONSTRAINT; Schema: keycloak; Owner: dan_ms_user
--

ALTER TABLE ONLY keycloak.realm_smtp_config
    ADD CONSTRAINT constraint_e PRIMARY KEY (realm_id, name);


--
-- Name: credential constraint_f; Type: CONSTRAINT; Schema: keycloak; Owner: dan_ms_user
--

ALTER TABLE ONLY keycloak.credential
    ADD CONSTRAINT constraint_f PRIMARY KEY (id);


--
-- Name: user_federation_config constraint_f9; Type: CONSTRAINT; Schema: keycloak; Owner: dan_ms_user
--

ALTER TABLE ONLY keycloak.user_federation_config
    ADD CONSTRAINT constraint_f9 PRIMARY KEY (user_federation_provider_id, name);


--
-- Name: resource_server_perm_ticket constraint_fapmt; Type: CONSTRAINT; Schema: keycloak; Owner: dan_ms_user
--

ALTER TABLE ONLY keycloak.resource_server_perm_ticket
    ADD CONSTRAINT constraint_fapmt PRIMARY KEY (id);


--
-- Name: resource_server_resource constraint_farsr; Type: CONSTRAINT; Schema: keycloak; Owner: dan_ms_user
--

ALTER TABLE ONLY keycloak.resource_server_resource
    ADD CONSTRAINT constraint_farsr PRIMARY KEY (id);


--
-- Name: resource_server_policy constraint_farsrp; Type: CONSTRAINT; Schema: keycloak; Owner: dan_ms_user
--

ALTER TABLE ONLY keycloak.resource_server_policy
    ADD CONSTRAINT constraint_farsrp PRIMARY KEY (id);


--
-- Name: associated_policy constraint_farsrpap; Type: CONSTRAINT; Schema: keycloak; Owner: dan_ms_user
--

ALTER TABLE ONLY keycloak.associated_policy
    ADD CONSTRAINT constraint_farsrpap PRIMARY KEY (policy_id, associated_policy_id);


--
-- Name: resource_policy constraint_farsrpp; Type: CONSTRAINT; Schema: keycloak; Owner: dan_ms_user
--

ALTER TABLE ONLY keycloak.resource_policy
    ADD CONSTRAINT constraint_farsrpp PRIMARY KEY (resource_id, policy_id);


--
-- Name: resource_server_scope constraint_farsrs; Type: CONSTRAINT; Schema: keycloak; Owner: dan_ms_user
--

ALTER TABLE ONLY keycloak.resource_server_scope
    ADD CONSTRAINT constraint_farsrs PRIMARY KEY (id);


--
-- Name: resource_scope constraint_farsrsp; Type: CONSTRAINT; Schema: keycloak; Owner: dan_ms_user
--

ALTER TABLE ONLY keycloak.resource_scope
    ADD CONSTRAINT constraint_farsrsp PRIMARY KEY (resource_id, scope_id);


--
-- Name: scope_policy constraint_farsrsps; Type: CONSTRAINT; Schema: keycloak; Owner: dan_ms_user
--

ALTER TABLE ONLY keycloak.scope_policy
    ADD CONSTRAINT constraint_farsrsps PRIMARY KEY (scope_id, policy_id);


--
-- Name: user_entity constraint_fb; Type: CONSTRAINT; Schema: keycloak; Owner: dan_ms_user
--

ALTER TABLE ONLY keycloak.user_entity
    ADD CONSTRAINT constraint_fb PRIMARY KEY (id);


--
-- Name: user_federation_mapper_config constraint_fedmapper_cfg_pm; Type: CONSTRAINT; Schema: keycloak; Owner: dan_ms_user
--

ALTER TABLE ONLY keycloak.user_federation_mapper_config
    ADD CONSTRAINT constraint_fedmapper_cfg_pm PRIMARY KEY (user_federation_mapper_id, name);


--
-- Name: user_federation_mapper constraint_fedmapperpm; Type: CONSTRAINT; Schema: keycloak; Owner: dan_ms_user
--

ALTER TABLE ONLY keycloak.user_federation_mapper
    ADD CONSTRAINT constraint_fedmapperpm PRIMARY KEY (id);


--
-- Name: fed_user_consent_cl_scope constraint_fgrntcsnt_clsc_pm; Type: CONSTRAINT; Schema: keycloak; Owner: dan_ms_user
--

ALTER TABLE ONLY keycloak.fed_user_consent_cl_scope
    ADD CONSTRAINT constraint_fgrntcsnt_clsc_pm PRIMARY KEY (user_consent_id, scope_id);


--
-- Name: user_consent_client_scope constraint_grntcsnt_clsc_pm; Type: CONSTRAINT; Schema: keycloak; Owner: dan_ms_user
--

ALTER TABLE ONLY keycloak.user_consent_client_scope
    ADD CONSTRAINT constraint_grntcsnt_clsc_pm PRIMARY KEY (user_consent_id, scope_id);


--
-- Name: user_consent constraint_grntcsnt_pm; Type: CONSTRAINT; Schema: keycloak; Owner: dan_ms_user
--

ALTER TABLE ONLY keycloak.user_consent
    ADD CONSTRAINT constraint_grntcsnt_pm PRIMARY KEY (id);


--
-- Name: keycloak_group constraint_group; Type: CONSTRAINT; Schema: keycloak; Owner: dan_ms_user
--

ALTER TABLE ONLY keycloak.keycloak_group
    ADD CONSTRAINT constraint_group PRIMARY KEY (id);


--
-- Name: group_attribute constraint_group_attribute_pk; Type: CONSTRAINT; Schema: keycloak; Owner: dan_ms_user
--

ALTER TABLE ONLY keycloak.group_attribute
    ADD CONSTRAINT constraint_group_attribute_pk PRIMARY KEY (id);


--
-- Name: group_role_mapping constraint_group_role; Type: CONSTRAINT; Schema: keycloak; Owner: dan_ms_user
--

ALTER TABLE ONLY keycloak.group_role_mapping
    ADD CONSTRAINT constraint_group_role PRIMARY KEY (role_id, group_id);


--
-- Name: identity_provider_mapper constraint_idpm; Type: CONSTRAINT; Schema: keycloak; Owner: dan_ms_user
--

ALTER TABLE ONLY keycloak.identity_provider_mapper
    ADD CONSTRAINT constraint_idpm PRIMARY KEY (id);


--
-- Name: idp_mapper_config constraint_idpmconfig; Type: CONSTRAINT; Schema: keycloak; Owner: dan_ms_user
--

ALTER TABLE ONLY keycloak.idp_mapper_config
    ADD CONSTRAINT constraint_idpmconfig PRIMARY KEY (idp_mapper_id, name);


--
-- Name: migration_model constraint_migmod; Type: CONSTRAINT; Schema: keycloak; Owner: dan_ms_user
--

ALTER TABLE ONLY keycloak.migration_model
    ADD CONSTRAINT constraint_migmod PRIMARY KEY (id);


--
-- Name: offline_client_session constraint_offl_cl_ses_pk3; Type: CONSTRAINT; Schema: keycloak; Owner: dan_ms_user
--

ALTER TABLE ONLY keycloak.offline_client_session
    ADD CONSTRAINT constraint_offl_cl_ses_pk3 PRIMARY KEY (user_session_id, client_id, client_storage_provider, external_client_id, offline_flag);


--
-- Name: offline_user_session constraint_offl_us_ses_pk2; Type: CONSTRAINT; Schema: keycloak; Owner: dan_ms_user
--

ALTER TABLE ONLY keycloak.offline_user_session
    ADD CONSTRAINT constraint_offl_us_ses_pk2 PRIMARY KEY (user_session_id, offline_flag);


--
-- Name: protocol_mapper constraint_pcm; Type: CONSTRAINT; Schema: keycloak; Owner: dan_ms_user
--

ALTER TABLE ONLY keycloak.protocol_mapper
    ADD CONSTRAINT constraint_pcm PRIMARY KEY (id);


--
-- Name: protocol_mapper_config constraint_pmconfig; Type: CONSTRAINT; Schema: keycloak; Owner: dan_ms_user
--

ALTER TABLE ONLY keycloak.protocol_mapper_config
    ADD CONSTRAINT constraint_pmconfig PRIMARY KEY (protocol_mapper_id, name);


--
-- Name: redirect_uris constraint_redirect_uris; Type: CONSTRAINT; Schema: keycloak; Owner: dan_ms_user
--

ALTER TABLE ONLY keycloak.redirect_uris
    ADD CONSTRAINT constraint_redirect_uris PRIMARY KEY (client_id, value);


--
-- Name: required_action_config constraint_req_act_cfg_pk; Type: CONSTRAINT; Schema: keycloak; Owner: dan_ms_user
--

ALTER TABLE ONLY keycloak.required_action_config
    ADD CONSTRAINT constraint_req_act_cfg_pk PRIMARY KEY (required_action_id, name);


--
-- Name: required_action_provider constraint_req_act_prv_pk; Type: CONSTRAINT; Schema: keycloak; Owner: dan_ms_user
--

ALTER TABLE ONLY keycloak.required_action_provider
    ADD CONSTRAINT constraint_req_act_prv_pk PRIMARY KEY (id);


--
-- Name: user_required_action constraint_required_action; Type: CONSTRAINT; Schema: keycloak; Owner: dan_ms_user
--

ALTER TABLE ONLY keycloak.user_required_action
    ADD CONSTRAINT constraint_required_action PRIMARY KEY (required_action, user_id);


--
-- Name: resource_uris constraint_resour_uris_pk; Type: CONSTRAINT; Schema: keycloak; Owner: dan_ms_user
--

ALTER TABLE ONLY keycloak.resource_uris
    ADD CONSTRAINT constraint_resour_uris_pk PRIMARY KEY (resource_id, value);


--
-- Name: role_attribute constraint_role_attribute_pk; Type: CONSTRAINT; Schema: keycloak; Owner: dan_ms_user
--

ALTER TABLE ONLY keycloak.role_attribute
    ADD CONSTRAINT constraint_role_attribute_pk PRIMARY KEY (id);


--
-- Name: user_attribute constraint_user_attribute_pk; Type: CONSTRAINT; Schema: keycloak; Owner: dan_ms_user
--

ALTER TABLE ONLY keycloak.user_attribute
    ADD CONSTRAINT constraint_user_attribute_pk PRIMARY KEY (id);


--
-- Name: user_group_membership constraint_user_group; Type: CONSTRAINT; Schema: keycloak; Owner: dan_ms_user
--

ALTER TABLE ONLY keycloak.user_group_membership
    ADD CONSTRAINT constraint_user_group PRIMARY KEY (group_id, user_id);


--
-- Name: user_session_note constraint_usn_pk; Type: CONSTRAINT; Schema: keycloak; Owner: dan_ms_user
--

ALTER TABLE ONLY keycloak.user_session_note
    ADD CONSTRAINT constraint_usn_pk PRIMARY KEY (user_session, name);


--
-- Name: web_origins constraint_web_origins; Type: CONSTRAINT; Schema: keycloak; Owner: dan_ms_user
--

ALTER TABLE ONLY keycloak.web_origins
    ADD CONSTRAINT constraint_web_origins PRIMARY KEY (client_id, value);


--
-- Name: client_scope_attributes pk_cl_tmpl_attr; Type: CONSTRAINT; Schema: keycloak; Owner: dan_ms_user
--

ALTER TABLE ONLY keycloak.client_scope_attributes
    ADD CONSTRAINT pk_cl_tmpl_attr PRIMARY KEY (scope_id, name);


--
-- Name: client_scope pk_cli_template; Type: CONSTRAINT; Schema: keycloak; Owner: dan_ms_user
--

ALTER TABLE ONLY keycloak.client_scope
    ADD CONSTRAINT pk_cli_template PRIMARY KEY (id);


--
-- Name: databasechangeloglock pk_databasechangeloglock; Type: CONSTRAINT; Schema: keycloak; Owner: dan_ms_user
--

ALTER TABLE ONLY keycloak.databasechangeloglock
    ADD CONSTRAINT pk_databasechangeloglock PRIMARY KEY (id);


--
-- Name: resource_server pk_resource_server; Type: CONSTRAINT; Schema: keycloak; Owner: dan_ms_user
--

ALTER TABLE ONLY keycloak.resource_server
    ADD CONSTRAINT pk_resource_server PRIMARY KEY (id);


--
-- Name: client_scope_role_mapping pk_template_scope; Type: CONSTRAINT; Schema: keycloak; Owner: dan_ms_user
--

ALTER TABLE ONLY keycloak.client_scope_role_mapping
    ADD CONSTRAINT pk_template_scope PRIMARY KEY (scope_id, role_id);


--
-- Name: default_client_scope r_def_cli_scope_bind; Type: CONSTRAINT; Schema: keycloak; Owner: dan_ms_user
--

ALTER TABLE ONLY keycloak.default_client_scope
    ADD CONSTRAINT r_def_cli_scope_bind PRIMARY KEY (realm_id, scope_id);


--
-- Name: realm_localizations realm_localizations_pkey; Type: CONSTRAINT; Schema: keycloak; Owner: dan_ms_user
--

ALTER TABLE ONLY keycloak.realm_localizations
    ADD CONSTRAINT realm_localizations_pkey PRIMARY KEY (realm_id, locale);


--
-- Name: resource_attribute res_attr_pk; Type: CONSTRAINT; Schema: keycloak; Owner: dan_ms_user
--

ALTER TABLE ONLY keycloak.resource_attribute
    ADD CONSTRAINT res_attr_pk PRIMARY KEY (id);


--
-- Name: keycloak_group sibling_names; Type: CONSTRAINT; Schema: keycloak; Owner: dan_ms_user
--

ALTER TABLE ONLY keycloak.keycloak_group
    ADD CONSTRAINT sibling_names UNIQUE (realm_id, parent_group, name);


--
-- Name: identity_provider uk_2daelwnibji49avxsrtuf6xj33; Type: CONSTRAINT; Schema: keycloak; Owner: dan_ms_user
--

ALTER TABLE ONLY keycloak.identity_provider
    ADD CONSTRAINT uk_2daelwnibji49avxsrtuf6xj33 UNIQUE (provider_alias, realm_id);


--
-- Name: client uk_b71cjlbenv945rb6gcon438at; Type: CONSTRAINT; Schema: keycloak; Owner: dan_ms_user
--

ALTER TABLE ONLY keycloak.client
    ADD CONSTRAINT uk_b71cjlbenv945rb6gcon438at UNIQUE (realm_id, client_id);


--
-- Name: client_scope uk_cli_scope; Type: CONSTRAINT; Schema: keycloak; Owner: dan_ms_user
--

ALTER TABLE ONLY keycloak.client_scope
    ADD CONSTRAINT uk_cli_scope UNIQUE (realm_id, name);


--
-- Name: user_entity uk_dykn684sl8up1crfei6eckhd7; Type: CONSTRAINT; Schema: keycloak; Owner: dan_ms_user
--

ALTER TABLE ONLY keycloak.user_entity
    ADD CONSTRAINT uk_dykn684sl8up1crfei6eckhd7 UNIQUE (realm_id, email_constraint);


--
-- Name: resource_server_resource uk_frsr6t700s9v50bu18ws5ha6; Type: CONSTRAINT; Schema: keycloak; Owner: dan_ms_user
--

ALTER TABLE ONLY keycloak.resource_server_resource
    ADD CONSTRAINT uk_frsr6t700s9v50bu18ws5ha6 UNIQUE (name, owner, resource_server_id);


--
-- Name: resource_server_perm_ticket uk_frsr6t700s9v50bu18ws5pmt; Type: CONSTRAINT; Schema: keycloak; Owner: dan_ms_user
--

ALTER TABLE ONLY keycloak.resource_server_perm_ticket
    ADD CONSTRAINT uk_frsr6t700s9v50bu18ws5pmt UNIQUE (owner, requester, resource_server_id, resource_id, scope_id);


--
-- Name: resource_server_policy uk_frsrpt700s9v50bu18ws5ha6; Type: CONSTRAINT; Schema: keycloak; Owner: dan_ms_user
--

ALTER TABLE ONLY keycloak.resource_server_policy
    ADD CONSTRAINT uk_frsrpt700s9v50bu18ws5ha6 UNIQUE (name, resource_server_id);


--
-- Name: resource_server_scope uk_frsrst700s9v50bu18ws5ha6; Type: CONSTRAINT; Schema: keycloak; Owner: dan_ms_user
--

ALTER TABLE ONLY keycloak.resource_server_scope
    ADD CONSTRAINT uk_frsrst700s9v50bu18ws5ha6 UNIQUE (name, resource_server_id);


--
-- Name: user_consent uk_jkuwuvd56ontgsuhogm8uewrt; Type: CONSTRAINT; Schema: keycloak; Owner: dan_ms_user
--

ALTER TABLE ONLY keycloak.user_consent
    ADD CONSTRAINT uk_jkuwuvd56ontgsuhogm8uewrt UNIQUE (client_id, client_storage_provider, external_client_id, user_id);


--
-- Name: realm uk_orvsdmla56612eaefiq6wl5oi; Type: CONSTRAINT; Schema: keycloak; Owner: dan_ms_user
--

ALTER TABLE ONLY keycloak.realm
    ADD CONSTRAINT uk_orvsdmla56612eaefiq6wl5oi UNIQUE (name);


--
-- Name: user_entity uk_ru8tt6t700s9v50bu18ws5ha6; Type: CONSTRAINT; Schema: keycloak; Owner: dan_ms_user
--

ALTER TABLE ONLY keycloak.user_entity
    ADD CONSTRAINT uk_ru8tt6t700s9v50bu18ws5ha6 UNIQUE (realm_id, username);


--
-- Name: camion camion_pkey; Type: CONSTRAINT; Schema: ms_envio; Owner: dan_ms_user
--

ALTER TABLE ONLY ms_envio.camion
    ADD CONSTRAINT camion_pkey PRIMARY KEY (id);


--
-- Name: envio envio_pkey; Type: CONSTRAINT; Schema: ms_envio; Owner: dan_ms_user
--

ALTER TABLE ONLY ms_envio.envio
    ADD CONSTRAINT envio_pkey PRIMARY KEY (id);


--
-- Name: estado_camion estado_camion_pkey; Type: CONSTRAINT; Schema: ms_envio; Owner: dan_ms_user
--

ALTER TABLE ONLY ms_envio.estado_camion
    ADD CONSTRAINT estado_camion_pkey PRIMARY KEY (id);


--
-- Name: remito remito_pkey; Type: CONSTRAINT; Schema: ms_envio; Owner: dan_ms_user
--

ALTER TABLE ONLY ms_envio.remito
    ADD CONSTRAINT remito_pkey PRIMARY KEY (id);


--
-- Name: detalle_provision detalle_provision_pkey; Type: CONSTRAINT; Schema: ms_material; Owner: dan_ms_user
--

ALTER TABLE ONLY ms_material.detalle_provision
    ADD CONSTRAINT detalle_provision_pkey PRIMARY KEY (id);


--
-- Name: material material_pkey; Type: CONSTRAINT; Schema: ms_material; Owner: dan_ms_user
--

ALTER TABLE ONLY ms_material.material
    ADD CONSTRAINT material_pkey PRIMARY KEY (id);


--
-- Name: movimiento_stock movimiento_stock_pkey; Type: CONSTRAINT; Schema: ms_material; Owner: dan_ms_user
--

ALTER TABLE ONLY ms_material.movimiento_stock
    ADD CONSTRAINT movimiento_stock_pkey PRIMARY KEY (id);


--
-- Name: provision provision_pkey; Type: CONSTRAINT; Schema: ms_material; Owner: dan_ms_user
--

ALTER TABLE ONLY ms_material.provision
    ADD CONSTRAINT provision_pkey PRIMARY KEY (id);


--
-- Name: unidad unidad_pkey; Type: CONSTRAINT; Schema: ms_material; Owner: dan_ms_user
--

ALTER TABLE ONLY ms_material.unidad
    ADD CONSTRAINT unidad_pkey PRIMARY KEY (id);


--
-- Name: cheque cheque_pkey; Type: CONSTRAINT; Schema: ms_pago; Owner: dan_ms_user
--

ALTER TABLE ONLY ms_pago.cheque
    ADD CONSTRAINT cheque_pkey PRIMARY KEY (id);


--
-- Name: efectivo efectivo_pkey; Type: CONSTRAINT; Schema: ms_pago; Owner: dan_ms_user
--

ALTER TABLE ONLY ms_pago.efectivo
    ADD CONSTRAINT efectivo_pkey PRIMARY KEY (id);


--
-- Name: medio_pago medio_pago_pkey; Type: CONSTRAINT; Schema: ms_pago; Owner: dan_ms_user
--

ALTER TABLE ONLY ms_pago.medio_pago
    ADD CONSTRAINT medio_pago_pkey PRIMARY KEY (id);


--
-- Name: pago pago_pkey; Type: CONSTRAINT; Schema: ms_pago; Owner: dan_ms_user
--

ALTER TABLE ONLY ms_pago.pago
    ADD CONSTRAINT pago_pkey PRIMARY KEY (id);


--
-- Name: transferencia transferencia_pkey; Type: CONSTRAINT; Schema: ms_pago; Owner: dan_ms_user
--

ALTER TABLE ONLY ms_pago.transferencia
    ADD CONSTRAINT transferencia_pkey PRIMARY KEY (id);


--
-- Name: detalle_pedido detalle_pedido_pkey; Type: CONSTRAINT; Schema: ms_pedido; Owner: dan_ms_user
--

ALTER TABLE ONLY ms_pedido.detalle_pedido
    ADD CONSTRAINT detalle_pedido_pkey PRIMARY KEY (id);


--
-- Name: estado_pedido estado_pedido_pkey; Type: CONSTRAINT; Schema: ms_pedido; Owner: dan_ms_user
--

ALTER TABLE ONLY ms_pedido.estado_pedido
    ADD CONSTRAINT estado_pedido_pkey PRIMARY KEY (id);


--
-- Name: pedido pedido_pkey; Type: CONSTRAINT; Schema: ms_pedido; Owner: dan_ms_user
--

ALTER TABLE ONLY ms_pedido.pedido
    ADD CONSTRAINT pedido_pkey PRIMARY KEY (id);


--
-- Name: cliente cliente_pkey; Type: CONSTRAINT; Schema: ms_usuario; Owner: dan_ms_user
--

ALTER TABLE ONLY ms_usuario.cliente
    ADD CONSTRAINT cliente_pkey PRIMARY KEY (id);


--
-- Name: empleado empleado_pkey; Type: CONSTRAINT; Schema: ms_usuario; Owner: dan_ms_user
--

ALTER TABLE ONLY ms_usuario.empleado
    ADD CONSTRAINT empleado_pkey PRIMARY KEY (id);


--
-- Name: obra obra_pkey; Type: CONSTRAINT; Schema: ms_usuario; Owner: dan_ms_user
--

ALTER TABLE ONLY ms_usuario.obra
    ADD CONSTRAINT obra_pkey PRIMARY KEY (id);


--
-- Name: tipo_obra tipo_obra_pkey; Type: CONSTRAINT; Schema: ms_usuario; Owner: dan_ms_user
--

ALTER TABLE ONLY ms_usuario.tipo_obra
    ADD CONSTRAINT tipo_obra_pkey PRIMARY KEY (id);


--
-- Name: tipo_usuario tipo_usuario_pkey; Type: CONSTRAINT; Schema: ms_usuario; Owner: dan_ms_user
--

ALTER TABLE ONLY ms_usuario.tipo_usuario
    ADD CONSTRAINT tipo_usuario_pkey PRIMARY KEY (id);


--
-- Name: usuario usuario_pkey; Type: CONSTRAINT; Schema: ms_usuario; Owner: dan_ms_user
--

ALTER TABLE ONLY ms_usuario.usuario
    ADD CONSTRAINT usuario_pkey PRIMARY KEY (id);


--
-- Name: idx_assoc_pol_assoc_pol_id; Type: INDEX; Schema: keycloak; Owner: dan_ms_user
--

CREATE INDEX idx_assoc_pol_assoc_pol_id ON keycloak.associated_policy USING btree (associated_policy_id);


--
-- Name: idx_auth_config_realm; Type: INDEX; Schema: keycloak; Owner: dan_ms_user
--

CREATE INDEX idx_auth_config_realm ON keycloak.authenticator_config USING btree (realm_id);


--
-- Name: idx_auth_exec_flow; Type: INDEX; Schema: keycloak; Owner: dan_ms_user
--

CREATE INDEX idx_auth_exec_flow ON keycloak.authentication_execution USING btree (flow_id);


--
-- Name: idx_auth_exec_realm_flow; Type: INDEX; Schema: keycloak; Owner: dan_ms_user
--

CREATE INDEX idx_auth_exec_realm_flow ON keycloak.authentication_execution USING btree (realm_id, flow_id);


--
-- Name: idx_auth_flow_realm; Type: INDEX; Schema: keycloak; Owner: dan_ms_user
--

CREATE INDEX idx_auth_flow_realm ON keycloak.authentication_flow USING btree (realm_id);


--
-- Name: idx_cl_clscope; Type: INDEX; Schema: keycloak; Owner: dan_ms_user
--

CREATE INDEX idx_cl_clscope ON keycloak.client_scope_client USING btree (scope_id);


--
-- Name: idx_client_att_by_name_value; Type: INDEX; Schema: keycloak; Owner: dan_ms_user
--

CREATE INDEX idx_client_att_by_name_value ON keycloak.client_attributes USING btree (name, value);


--
-- Name: idx_client_id; Type: INDEX; Schema: keycloak; Owner: dan_ms_user
--

CREATE INDEX idx_client_id ON keycloak.client USING btree (client_id);


--
-- Name: idx_client_init_acc_realm; Type: INDEX; Schema: keycloak; Owner: dan_ms_user
--

CREATE INDEX idx_client_init_acc_realm ON keycloak.client_initial_access USING btree (realm_id);


--
-- Name: idx_client_session_session; Type: INDEX; Schema: keycloak; Owner: dan_ms_user
--

CREATE INDEX idx_client_session_session ON keycloak.client_session USING btree (session_id);


--
-- Name: idx_clscope_attrs; Type: INDEX; Schema: keycloak; Owner: dan_ms_user
--

CREATE INDEX idx_clscope_attrs ON keycloak.client_scope_attributes USING btree (scope_id);


--
-- Name: idx_clscope_cl; Type: INDEX; Schema: keycloak; Owner: dan_ms_user
--

CREATE INDEX idx_clscope_cl ON keycloak.client_scope_client USING btree (client_id);


--
-- Name: idx_clscope_protmap; Type: INDEX; Schema: keycloak; Owner: dan_ms_user
--

CREATE INDEX idx_clscope_protmap ON keycloak.protocol_mapper USING btree (client_scope_id);


--
-- Name: idx_clscope_role; Type: INDEX; Schema: keycloak; Owner: dan_ms_user
--

CREATE INDEX idx_clscope_role ON keycloak.client_scope_role_mapping USING btree (scope_id);


--
-- Name: idx_compo_config_compo; Type: INDEX; Schema: keycloak; Owner: dan_ms_user
--

CREATE INDEX idx_compo_config_compo ON keycloak.component_config USING btree (component_id);


--
-- Name: idx_component_provider_type; Type: INDEX; Schema: keycloak; Owner: dan_ms_user
--

CREATE INDEX idx_component_provider_type ON keycloak.component USING btree (provider_type);


--
-- Name: idx_component_realm; Type: INDEX; Schema: keycloak; Owner: dan_ms_user
--

CREATE INDEX idx_component_realm ON keycloak.component USING btree (realm_id);


--
-- Name: idx_composite; Type: INDEX; Schema: keycloak; Owner: dan_ms_user
--

CREATE INDEX idx_composite ON keycloak.composite_role USING btree (composite);


--
-- Name: idx_composite_child; Type: INDEX; Schema: keycloak; Owner: dan_ms_user
--

CREATE INDEX idx_composite_child ON keycloak.composite_role USING btree (child_role);


--
-- Name: idx_defcls_realm; Type: INDEX; Schema: keycloak; Owner: dan_ms_user
--

CREATE INDEX idx_defcls_realm ON keycloak.default_client_scope USING btree (realm_id);


--
-- Name: idx_defcls_scope; Type: INDEX; Schema: keycloak; Owner: dan_ms_user
--

CREATE INDEX idx_defcls_scope ON keycloak.default_client_scope USING btree (scope_id);


--
-- Name: idx_event_time; Type: INDEX; Schema: keycloak; Owner: dan_ms_user
--

CREATE INDEX idx_event_time ON keycloak.event_entity USING btree (realm_id, event_time);


--
-- Name: idx_fedidentity_feduser; Type: INDEX; Schema: keycloak; Owner: dan_ms_user
--

CREATE INDEX idx_fedidentity_feduser ON keycloak.federated_identity USING btree (federated_user_id);


--
-- Name: idx_fedidentity_user; Type: INDEX; Schema: keycloak; Owner: dan_ms_user
--

CREATE INDEX idx_fedidentity_user ON keycloak.federated_identity USING btree (user_id);


--
-- Name: idx_fu_attribute; Type: INDEX; Schema: keycloak; Owner: dan_ms_user
--

CREATE INDEX idx_fu_attribute ON keycloak.fed_user_attribute USING btree (user_id, realm_id, name);


--
-- Name: idx_fu_cnsnt_ext; Type: INDEX; Schema: keycloak; Owner: dan_ms_user
--

CREATE INDEX idx_fu_cnsnt_ext ON keycloak.fed_user_consent USING btree (user_id, client_storage_provider, external_client_id);


--
-- Name: idx_fu_consent; Type: INDEX; Schema: keycloak; Owner: dan_ms_user
--

CREATE INDEX idx_fu_consent ON keycloak.fed_user_consent USING btree (user_id, client_id);


--
-- Name: idx_fu_consent_ru; Type: INDEX; Schema: keycloak; Owner: dan_ms_user
--

CREATE INDEX idx_fu_consent_ru ON keycloak.fed_user_consent USING btree (realm_id, user_id);


--
-- Name: idx_fu_credential; Type: INDEX; Schema: keycloak; Owner: dan_ms_user
--

CREATE INDEX idx_fu_credential ON keycloak.fed_user_credential USING btree (user_id, type);


--
-- Name: idx_fu_credential_ru; Type: INDEX; Schema: keycloak; Owner: dan_ms_user
--

CREATE INDEX idx_fu_credential_ru ON keycloak.fed_user_credential USING btree (realm_id, user_id);


--
-- Name: idx_fu_group_membership; Type: INDEX; Schema: keycloak; Owner: dan_ms_user
--

CREATE INDEX idx_fu_group_membership ON keycloak.fed_user_group_membership USING btree (user_id, group_id);


--
-- Name: idx_fu_group_membership_ru; Type: INDEX; Schema: keycloak; Owner: dan_ms_user
--

CREATE INDEX idx_fu_group_membership_ru ON keycloak.fed_user_group_membership USING btree (realm_id, user_id);


--
-- Name: idx_fu_required_action; Type: INDEX; Schema: keycloak; Owner: dan_ms_user
--

CREATE INDEX idx_fu_required_action ON keycloak.fed_user_required_action USING btree (user_id, required_action);


--
-- Name: idx_fu_required_action_ru; Type: INDEX; Schema: keycloak; Owner: dan_ms_user
--

CREATE INDEX idx_fu_required_action_ru ON keycloak.fed_user_required_action USING btree (realm_id, user_id);


--
-- Name: idx_fu_role_mapping; Type: INDEX; Schema: keycloak; Owner: dan_ms_user
--

CREATE INDEX idx_fu_role_mapping ON keycloak.fed_user_role_mapping USING btree (user_id, role_id);


--
-- Name: idx_fu_role_mapping_ru; Type: INDEX; Schema: keycloak; Owner: dan_ms_user
--

CREATE INDEX idx_fu_role_mapping_ru ON keycloak.fed_user_role_mapping USING btree (realm_id, user_id);


--
-- Name: idx_group_attr_group; Type: INDEX; Schema: keycloak; Owner: dan_ms_user
--

CREATE INDEX idx_group_attr_group ON keycloak.group_attribute USING btree (group_id);


--
-- Name: idx_group_role_mapp_group; Type: INDEX; Schema: keycloak; Owner: dan_ms_user
--

CREATE INDEX idx_group_role_mapp_group ON keycloak.group_role_mapping USING btree (group_id);


--
-- Name: idx_id_prov_mapp_realm; Type: INDEX; Schema: keycloak; Owner: dan_ms_user
--

CREATE INDEX idx_id_prov_mapp_realm ON keycloak.identity_provider_mapper USING btree (realm_id);


--
-- Name: idx_ident_prov_realm; Type: INDEX; Schema: keycloak; Owner: dan_ms_user
--

CREATE INDEX idx_ident_prov_realm ON keycloak.identity_provider USING btree (realm_id);


--
-- Name: idx_keycloak_role_client; Type: INDEX; Schema: keycloak; Owner: dan_ms_user
--

CREATE INDEX idx_keycloak_role_client ON keycloak.keycloak_role USING btree (client);


--
-- Name: idx_keycloak_role_realm; Type: INDEX; Schema: keycloak; Owner: dan_ms_user
--

CREATE INDEX idx_keycloak_role_realm ON keycloak.keycloak_role USING btree (realm);


--
-- Name: idx_offline_css_preload; Type: INDEX; Schema: keycloak; Owner: dan_ms_user
--

CREATE INDEX idx_offline_css_preload ON keycloak.offline_client_session USING btree (client_id, offline_flag);


--
-- Name: idx_offline_uss_by_user; Type: INDEX; Schema: keycloak; Owner: dan_ms_user
--

CREATE INDEX idx_offline_uss_by_user ON keycloak.offline_user_session USING btree (user_id, realm_id, offline_flag);


--
-- Name: idx_offline_uss_by_usersess; Type: INDEX; Schema: keycloak; Owner: dan_ms_user
--

CREATE INDEX idx_offline_uss_by_usersess ON keycloak.offline_user_session USING btree (realm_id, offline_flag, user_session_id);


--
-- Name: idx_offline_uss_createdon; Type: INDEX; Schema: keycloak; Owner: dan_ms_user
--

CREATE INDEX idx_offline_uss_createdon ON keycloak.offline_user_session USING btree (created_on);


--
-- Name: idx_offline_uss_preload; Type: INDEX; Schema: keycloak; Owner: dan_ms_user
--

CREATE INDEX idx_offline_uss_preload ON keycloak.offline_user_session USING btree (offline_flag, created_on, user_session_id);


--
-- Name: idx_protocol_mapper_client; Type: INDEX; Schema: keycloak; Owner: dan_ms_user
--

CREATE INDEX idx_protocol_mapper_client ON keycloak.protocol_mapper USING btree (client_id);


--
-- Name: idx_realm_attr_realm; Type: INDEX; Schema: keycloak; Owner: dan_ms_user
--

CREATE INDEX idx_realm_attr_realm ON keycloak.realm_attribute USING btree (realm_id);


--
-- Name: idx_realm_clscope; Type: INDEX; Schema: keycloak; Owner: dan_ms_user
--

CREATE INDEX idx_realm_clscope ON keycloak.client_scope USING btree (realm_id);


--
-- Name: idx_realm_def_grp_realm; Type: INDEX; Schema: keycloak; Owner: dan_ms_user
--

CREATE INDEX idx_realm_def_grp_realm ON keycloak.realm_default_groups USING btree (realm_id);


--
-- Name: idx_realm_evt_list_realm; Type: INDEX; Schema: keycloak; Owner: dan_ms_user
--

CREATE INDEX idx_realm_evt_list_realm ON keycloak.realm_events_listeners USING btree (realm_id);


--
-- Name: idx_realm_evt_types_realm; Type: INDEX; Schema: keycloak; Owner: dan_ms_user
--

CREATE INDEX idx_realm_evt_types_realm ON keycloak.realm_enabled_event_types USING btree (realm_id);


--
-- Name: idx_realm_master_adm_cli; Type: INDEX; Schema: keycloak; Owner: dan_ms_user
--

CREATE INDEX idx_realm_master_adm_cli ON keycloak.realm USING btree (master_admin_client);


--
-- Name: idx_realm_supp_local_realm; Type: INDEX; Schema: keycloak; Owner: dan_ms_user
--

CREATE INDEX idx_realm_supp_local_realm ON keycloak.realm_supported_locales USING btree (realm_id);


--
-- Name: idx_redir_uri_client; Type: INDEX; Schema: keycloak; Owner: dan_ms_user
--

CREATE INDEX idx_redir_uri_client ON keycloak.redirect_uris USING btree (client_id);


--
-- Name: idx_req_act_prov_realm; Type: INDEX; Schema: keycloak; Owner: dan_ms_user
--

CREATE INDEX idx_req_act_prov_realm ON keycloak.required_action_provider USING btree (realm_id);


--
-- Name: idx_res_policy_policy; Type: INDEX; Schema: keycloak; Owner: dan_ms_user
--

CREATE INDEX idx_res_policy_policy ON keycloak.resource_policy USING btree (policy_id);


--
-- Name: idx_res_scope_scope; Type: INDEX; Schema: keycloak; Owner: dan_ms_user
--

CREATE INDEX idx_res_scope_scope ON keycloak.resource_scope USING btree (scope_id);


--
-- Name: idx_res_serv_pol_res_serv; Type: INDEX; Schema: keycloak; Owner: dan_ms_user
--

CREATE INDEX idx_res_serv_pol_res_serv ON keycloak.resource_server_policy USING btree (resource_server_id);


--
-- Name: idx_res_srv_res_res_srv; Type: INDEX; Schema: keycloak; Owner: dan_ms_user
--

CREATE INDEX idx_res_srv_res_res_srv ON keycloak.resource_server_resource USING btree (resource_server_id);


--
-- Name: idx_res_srv_scope_res_srv; Type: INDEX; Schema: keycloak; Owner: dan_ms_user
--

CREATE INDEX idx_res_srv_scope_res_srv ON keycloak.resource_server_scope USING btree (resource_server_id);


--
-- Name: idx_role_attribute; Type: INDEX; Schema: keycloak; Owner: dan_ms_user
--

CREATE INDEX idx_role_attribute ON keycloak.role_attribute USING btree (role_id);


--
-- Name: idx_role_clscope; Type: INDEX; Schema: keycloak; Owner: dan_ms_user
--

CREATE INDEX idx_role_clscope ON keycloak.client_scope_role_mapping USING btree (role_id);


--
-- Name: idx_scope_mapping_role; Type: INDEX; Schema: keycloak; Owner: dan_ms_user
--

CREATE INDEX idx_scope_mapping_role ON keycloak.scope_mapping USING btree (role_id);


--
-- Name: idx_scope_policy_policy; Type: INDEX; Schema: keycloak; Owner: dan_ms_user
--

CREATE INDEX idx_scope_policy_policy ON keycloak.scope_policy USING btree (policy_id);


--
-- Name: idx_update_time; Type: INDEX; Schema: keycloak; Owner: dan_ms_user
--

CREATE INDEX idx_update_time ON keycloak.migration_model USING btree (update_time);


--
-- Name: idx_us_sess_id_on_cl_sess; Type: INDEX; Schema: keycloak; Owner: dan_ms_user
--

CREATE INDEX idx_us_sess_id_on_cl_sess ON keycloak.offline_client_session USING btree (user_session_id);


--
-- Name: idx_usconsent_clscope; Type: INDEX; Schema: keycloak; Owner: dan_ms_user
--

CREATE INDEX idx_usconsent_clscope ON keycloak.user_consent_client_scope USING btree (user_consent_id);


--
-- Name: idx_user_attribute; Type: INDEX; Schema: keycloak; Owner: dan_ms_user
--

CREATE INDEX idx_user_attribute ON keycloak.user_attribute USING btree (user_id);


--
-- Name: idx_user_attribute_name; Type: INDEX; Schema: keycloak; Owner: dan_ms_user
--

CREATE INDEX idx_user_attribute_name ON keycloak.user_attribute USING btree (name, value);


--
-- Name: idx_user_consent; Type: INDEX; Schema: keycloak; Owner: dan_ms_user
--

CREATE INDEX idx_user_consent ON keycloak.user_consent USING btree (user_id);


--
-- Name: idx_user_credential; Type: INDEX; Schema: keycloak; Owner: dan_ms_user
--

CREATE INDEX idx_user_credential ON keycloak.credential USING btree (user_id);


--
-- Name: idx_user_email; Type: INDEX; Schema: keycloak; Owner: dan_ms_user
--

CREATE INDEX idx_user_email ON keycloak.user_entity USING btree (email);


--
-- Name: idx_user_group_mapping; Type: INDEX; Schema: keycloak; Owner: dan_ms_user
--

CREATE INDEX idx_user_group_mapping ON keycloak.user_group_membership USING btree (user_id);


--
-- Name: idx_user_reqactions; Type: INDEX; Schema: keycloak; Owner: dan_ms_user
--

CREATE INDEX idx_user_reqactions ON keycloak.user_required_action USING btree (user_id);


--
-- Name: idx_user_role_mapping; Type: INDEX; Schema: keycloak; Owner: dan_ms_user
--

CREATE INDEX idx_user_role_mapping ON keycloak.user_role_mapping USING btree (user_id);


--
-- Name: idx_usr_fed_map_fed_prv; Type: INDEX; Schema: keycloak; Owner: dan_ms_user
--

CREATE INDEX idx_usr_fed_map_fed_prv ON keycloak.user_federation_mapper USING btree (federation_provider_id);


--
-- Name: idx_usr_fed_map_realm; Type: INDEX; Schema: keycloak; Owner: dan_ms_user
--

CREATE INDEX idx_usr_fed_map_realm ON keycloak.user_federation_mapper USING btree (realm_id);


--
-- Name: idx_usr_fed_prv_realm; Type: INDEX; Schema: keycloak; Owner: dan_ms_user
--

CREATE INDEX idx_usr_fed_prv_realm ON keycloak.user_federation_provider USING btree (realm_id);


--
-- Name: idx_web_orig_client; Type: INDEX; Schema: keycloak; Owner: dan_ms_user
--

CREATE INDEX idx_web_orig_client ON keycloak.web_origins USING btree (client_id);


--
-- Name: client_session_auth_status auth_status_constraint; Type: FK CONSTRAINT; Schema: keycloak; Owner: dan_ms_user
--

ALTER TABLE ONLY keycloak.client_session_auth_status
    ADD CONSTRAINT auth_status_constraint FOREIGN KEY (client_session) REFERENCES keycloak.client_session(id);


--
-- Name: identity_provider fk2b4ebc52ae5c3b34; Type: FK CONSTRAINT; Schema: keycloak; Owner: dan_ms_user
--

ALTER TABLE ONLY keycloak.identity_provider
    ADD CONSTRAINT fk2b4ebc52ae5c3b34 FOREIGN KEY (realm_id) REFERENCES keycloak.realm(id);


--
-- Name: client_attributes fk3c47c64beacca966; Type: FK CONSTRAINT; Schema: keycloak; Owner: dan_ms_user
--

ALTER TABLE ONLY keycloak.client_attributes
    ADD CONSTRAINT fk3c47c64beacca966 FOREIGN KEY (client_id) REFERENCES keycloak.client(id);


--
-- Name: federated_identity fk404288b92ef007a6; Type: FK CONSTRAINT; Schema: keycloak; Owner: dan_ms_user
--

ALTER TABLE ONLY keycloak.federated_identity
    ADD CONSTRAINT fk404288b92ef007a6 FOREIGN KEY (user_id) REFERENCES keycloak.user_entity(id);


--
-- Name: client_node_registrations fk4129723ba992f594; Type: FK CONSTRAINT; Schema: keycloak; Owner: dan_ms_user
--

ALTER TABLE ONLY keycloak.client_node_registrations
    ADD CONSTRAINT fk4129723ba992f594 FOREIGN KEY (client_id) REFERENCES keycloak.client(id);


--
-- Name: client_session_note fk5edfb00ff51c2736; Type: FK CONSTRAINT; Schema: keycloak; Owner: dan_ms_user
--

ALTER TABLE ONLY keycloak.client_session_note
    ADD CONSTRAINT fk5edfb00ff51c2736 FOREIGN KEY (client_session) REFERENCES keycloak.client_session(id);


--
-- Name: user_session_note fk5edfb00ff51d3472; Type: FK CONSTRAINT; Schema: keycloak; Owner: dan_ms_user
--

ALTER TABLE ONLY keycloak.user_session_note
    ADD CONSTRAINT fk5edfb00ff51d3472 FOREIGN KEY (user_session) REFERENCES keycloak.user_session(id);


--
-- Name: client_session_role fk_11b7sgqw18i532811v7o2dv76; Type: FK CONSTRAINT; Schema: keycloak; Owner: dan_ms_user
--

ALTER TABLE ONLY keycloak.client_session_role
    ADD CONSTRAINT fk_11b7sgqw18i532811v7o2dv76 FOREIGN KEY (client_session) REFERENCES keycloak.client_session(id);


--
-- Name: redirect_uris fk_1burs8pb4ouj97h5wuppahv9f; Type: FK CONSTRAINT; Schema: keycloak; Owner: dan_ms_user
--

ALTER TABLE ONLY keycloak.redirect_uris
    ADD CONSTRAINT fk_1burs8pb4ouj97h5wuppahv9f FOREIGN KEY (client_id) REFERENCES keycloak.client(id);


--
-- Name: user_federation_provider fk_1fj32f6ptolw2qy60cd8n01e8; Type: FK CONSTRAINT; Schema: keycloak; Owner: dan_ms_user
--

ALTER TABLE ONLY keycloak.user_federation_provider
    ADD CONSTRAINT fk_1fj32f6ptolw2qy60cd8n01e8 FOREIGN KEY (realm_id) REFERENCES keycloak.realm(id);


--
-- Name: client_session_prot_mapper fk_33a8sgqw18i532811v7o2dk89; Type: FK CONSTRAINT; Schema: keycloak; Owner: dan_ms_user
--

ALTER TABLE ONLY keycloak.client_session_prot_mapper
    ADD CONSTRAINT fk_33a8sgqw18i532811v7o2dk89 FOREIGN KEY (client_session) REFERENCES keycloak.client_session(id);


--
-- Name: realm_required_credential fk_5hg65lybevavkqfki3kponh9v; Type: FK CONSTRAINT; Schema: keycloak; Owner: dan_ms_user
--

ALTER TABLE ONLY keycloak.realm_required_credential
    ADD CONSTRAINT fk_5hg65lybevavkqfki3kponh9v FOREIGN KEY (realm_id) REFERENCES keycloak.realm(id);


--
-- Name: resource_attribute fk_5hrm2vlf9ql5fu022kqepovbr; Type: FK CONSTRAINT; Schema: keycloak; Owner: dan_ms_user
--

ALTER TABLE ONLY keycloak.resource_attribute
    ADD CONSTRAINT fk_5hrm2vlf9ql5fu022kqepovbr FOREIGN KEY (resource_id) REFERENCES keycloak.resource_server_resource(id);


--
-- Name: user_attribute fk_5hrm2vlf9ql5fu043kqepovbr; Type: FK CONSTRAINT; Schema: keycloak; Owner: dan_ms_user
--

ALTER TABLE ONLY keycloak.user_attribute
    ADD CONSTRAINT fk_5hrm2vlf9ql5fu043kqepovbr FOREIGN KEY (user_id) REFERENCES keycloak.user_entity(id);


--
-- Name: user_required_action fk_6qj3w1jw9cvafhe19bwsiuvmd; Type: FK CONSTRAINT; Schema: keycloak; Owner: dan_ms_user
--

ALTER TABLE ONLY keycloak.user_required_action
    ADD CONSTRAINT fk_6qj3w1jw9cvafhe19bwsiuvmd FOREIGN KEY (user_id) REFERENCES keycloak.user_entity(id);


--
-- Name: keycloak_role fk_6vyqfe4cn4wlq8r6kt5vdsj5c; Type: FK CONSTRAINT; Schema: keycloak; Owner: dan_ms_user
--

ALTER TABLE ONLY keycloak.keycloak_role
    ADD CONSTRAINT fk_6vyqfe4cn4wlq8r6kt5vdsj5c FOREIGN KEY (realm) REFERENCES keycloak.realm(id);


--
-- Name: realm_smtp_config fk_70ej8xdxgxd0b9hh6180irr0o; Type: FK CONSTRAINT; Schema: keycloak; Owner: dan_ms_user
--

ALTER TABLE ONLY keycloak.realm_smtp_config
    ADD CONSTRAINT fk_70ej8xdxgxd0b9hh6180irr0o FOREIGN KEY (realm_id) REFERENCES keycloak.realm(id);


--
-- Name: realm_attribute fk_8shxd6l3e9atqukacxgpffptw; Type: FK CONSTRAINT; Schema: keycloak; Owner: dan_ms_user
--

ALTER TABLE ONLY keycloak.realm_attribute
    ADD CONSTRAINT fk_8shxd6l3e9atqukacxgpffptw FOREIGN KEY (realm_id) REFERENCES keycloak.realm(id);


--
-- Name: composite_role fk_a63wvekftu8jo1pnj81e7mce2; Type: FK CONSTRAINT; Schema: keycloak; Owner: dan_ms_user
--

ALTER TABLE ONLY keycloak.composite_role
    ADD CONSTRAINT fk_a63wvekftu8jo1pnj81e7mce2 FOREIGN KEY (composite) REFERENCES keycloak.keycloak_role(id);


--
-- Name: authentication_execution fk_auth_exec_flow; Type: FK CONSTRAINT; Schema: keycloak; Owner: dan_ms_user
--

ALTER TABLE ONLY keycloak.authentication_execution
    ADD CONSTRAINT fk_auth_exec_flow FOREIGN KEY (flow_id) REFERENCES keycloak.authentication_flow(id);


--
-- Name: authentication_execution fk_auth_exec_realm; Type: FK CONSTRAINT; Schema: keycloak; Owner: dan_ms_user
--

ALTER TABLE ONLY keycloak.authentication_execution
    ADD CONSTRAINT fk_auth_exec_realm FOREIGN KEY (realm_id) REFERENCES keycloak.realm(id);


--
-- Name: authentication_flow fk_auth_flow_realm; Type: FK CONSTRAINT; Schema: keycloak; Owner: dan_ms_user
--

ALTER TABLE ONLY keycloak.authentication_flow
    ADD CONSTRAINT fk_auth_flow_realm FOREIGN KEY (realm_id) REFERENCES keycloak.realm(id);


--
-- Name: authenticator_config fk_auth_realm; Type: FK CONSTRAINT; Schema: keycloak; Owner: dan_ms_user
--

ALTER TABLE ONLY keycloak.authenticator_config
    ADD CONSTRAINT fk_auth_realm FOREIGN KEY (realm_id) REFERENCES keycloak.realm(id);


--
-- Name: client_session fk_b4ao2vcvat6ukau74wbwtfqo1; Type: FK CONSTRAINT; Schema: keycloak; Owner: dan_ms_user
--

ALTER TABLE ONLY keycloak.client_session
    ADD CONSTRAINT fk_b4ao2vcvat6ukau74wbwtfqo1 FOREIGN KEY (session_id) REFERENCES keycloak.user_session(id);


--
-- Name: user_role_mapping fk_c4fqv34p1mbylloxang7b1q3l; Type: FK CONSTRAINT; Schema: keycloak; Owner: dan_ms_user
--

ALTER TABLE ONLY keycloak.user_role_mapping
    ADD CONSTRAINT fk_c4fqv34p1mbylloxang7b1q3l FOREIGN KEY (user_id) REFERENCES keycloak.user_entity(id);


--
-- Name: client_scope_attributes fk_cl_scope_attr_scope; Type: FK CONSTRAINT; Schema: keycloak; Owner: dan_ms_user
--

ALTER TABLE ONLY keycloak.client_scope_attributes
    ADD CONSTRAINT fk_cl_scope_attr_scope FOREIGN KEY (scope_id) REFERENCES keycloak.client_scope(id);


--
-- Name: client_scope_role_mapping fk_cl_scope_rm_scope; Type: FK CONSTRAINT; Schema: keycloak; Owner: dan_ms_user
--

ALTER TABLE ONLY keycloak.client_scope_role_mapping
    ADD CONSTRAINT fk_cl_scope_rm_scope FOREIGN KEY (scope_id) REFERENCES keycloak.client_scope(id);


--
-- Name: client_user_session_note fk_cl_usr_ses_note; Type: FK CONSTRAINT; Schema: keycloak; Owner: dan_ms_user
--

ALTER TABLE ONLY keycloak.client_user_session_note
    ADD CONSTRAINT fk_cl_usr_ses_note FOREIGN KEY (client_session) REFERENCES keycloak.client_session(id);


--
-- Name: protocol_mapper fk_cli_scope_mapper; Type: FK CONSTRAINT; Schema: keycloak; Owner: dan_ms_user
--

ALTER TABLE ONLY keycloak.protocol_mapper
    ADD CONSTRAINT fk_cli_scope_mapper FOREIGN KEY (client_scope_id) REFERENCES keycloak.client_scope(id);


--
-- Name: client_initial_access fk_client_init_acc_realm; Type: FK CONSTRAINT; Schema: keycloak; Owner: dan_ms_user
--

ALTER TABLE ONLY keycloak.client_initial_access
    ADD CONSTRAINT fk_client_init_acc_realm FOREIGN KEY (realm_id) REFERENCES keycloak.realm(id);


--
-- Name: component_config fk_component_config; Type: FK CONSTRAINT; Schema: keycloak; Owner: dan_ms_user
--

ALTER TABLE ONLY keycloak.component_config
    ADD CONSTRAINT fk_component_config FOREIGN KEY (component_id) REFERENCES keycloak.component(id);


--
-- Name: component fk_component_realm; Type: FK CONSTRAINT; Schema: keycloak; Owner: dan_ms_user
--

ALTER TABLE ONLY keycloak.component
    ADD CONSTRAINT fk_component_realm FOREIGN KEY (realm_id) REFERENCES keycloak.realm(id);


--
-- Name: realm_default_groups fk_def_groups_realm; Type: FK CONSTRAINT; Schema: keycloak; Owner: dan_ms_user
--

ALTER TABLE ONLY keycloak.realm_default_groups
    ADD CONSTRAINT fk_def_groups_realm FOREIGN KEY (realm_id) REFERENCES keycloak.realm(id);


--
-- Name: user_federation_mapper_config fk_fedmapper_cfg; Type: FK CONSTRAINT; Schema: keycloak; Owner: dan_ms_user
--

ALTER TABLE ONLY keycloak.user_federation_mapper_config
    ADD CONSTRAINT fk_fedmapper_cfg FOREIGN KEY (user_federation_mapper_id) REFERENCES keycloak.user_federation_mapper(id);


--
-- Name: user_federation_mapper fk_fedmapperpm_fedprv; Type: FK CONSTRAINT; Schema: keycloak; Owner: dan_ms_user
--

ALTER TABLE ONLY keycloak.user_federation_mapper
    ADD CONSTRAINT fk_fedmapperpm_fedprv FOREIGN KEY (federation_provider_id) REFERENCES keycloak.user_federation_provider(id);


--
-- Name: user_federation_mapper fk_fedmapperpm_realm; Type: FK CONSTRAINT; Schema: keycloak; Owner: dan_ms_user
--

ALTER TABLE ONLY keycloak.user_federation_mapper
    ADD CONSTRAINT fk_fedmapperpm_realm FOREIGN KEY (realm_id) REFERENCES keycloak.realm(id);


--
-- Name: associated_policy fk_frsr5s213xcx4wnkog82ssrfy; Type: FK CONSTRAINT; Schema: keycloak; Owner: dan_ms_user
--

ALTER TABLE ONLY keycloak.associated_policy
    ADD CONSTRAINT fk_frsr5s213xcx4wnkog82ssrfy FOREIGN KEY (associated_policy_id) REFERENCES keycloak.resource_server_policy(id);


--
-- Name: scope_policy fk_frsrasp13xcx4wnkog82ssrfy; Type: FK CONSTRAINT; Schema: keycloak; Owner: dan_ms_user
--

ALTER TABLE ONLY keycloak.scope_policy
    ADD CONSTRAINT fk_frsrasp13xcx4wnkog82ssrfy FOREIGN KEY (policy_id) REFERENCES keycloak.resource_server_policy(id);


--
-- Name: resource_server_perm_ticket fk_frsrho213xcx4wnkog82sspmt; Type: FK CONSTRAINT; Schema: keycloak; Owner: dan_ms_user
--

ALTER TABLE ONLY keycloak.resource_server_perm_ticket
    ADD CONSTRAINT fk_frsrho213xcx4wnkog82sspmt FOREIGN KEY (resource_server_id) REFERENCES keycloak.resource_server(id);


--
-- Name: resource_server_resource fk_frsrho213xcx4wnkog82ssrfy; Type: FK CONSTRAINT; Schema: keycloak; Owner: dan_ms_user
--

ALTER TABLE ONLY keycloak.resource_server_resource
    ADD CONSTRAINT fk_frsrho213xcx4wnkog82ssrfy FOREIGN KEY (resource_server_id) REFERENCES keycloak.resource_server(id);


--
-- Name: resource_server_perm_ticket fk_frsrho213xcx4wnkog83sspmt; Type: FK CONSTRAINT; Schema: keycloak; Owner: dan_ms_user
--

ALTER TABLE ONLY keycloak.resource_server_perm_ticket
    ADD CONSTRAINT fk_frsrho213xcx4wnkog83sspmt FOREIGN KEY (resource_id) REFERENCES keycloak.resource_server_resource(id);


--
-- Name: resource_server_perm_ticket fk_frsrho213xcx4wnkog84sspmt; Type: FK CONSTRAINT; Schema: keycloak; Owner: dan_ms_user
--

ALTER TABLE ONLY keycloak.resource_server_perm_ticket
    ADD CONSTRAINT fk_frsrho213xcx4wnkog84sspmt FOREIGN KEY (scope_id) REFERENCES keycloak.resource_server_scope(id);


--
-- Name: associated_policy fk_frsrpas14xcx4wnkog82ssrfy; Type: FK CONSTRAINT; Schema: keycloak; Owner: dan_ms_user
--

ALTER TABLE ONLY keycloak.associated_policy
    ADD CONSTRAINT fk_frsrpas14xcx4wnkog82ssrfy FOREIGN KEY (policy_id) REFERENCES keycloak.resource_server_policy(id);


--
-- Name: scope_policy fk_frsrpass3xcx4wnkog82ssrfy; Type: FK CONSTRAINT; Schema: keycloak; Owner: dan_ms_user
--

ALTER TABLE ONLY keycloak.scope_policy
    ADD CONSTRAINT fk_frsrpass3xcx4wnkog82ssrfy FOREIGN KEY (scope_id) REFERENCES keycloak.resource_server_scope(id);


--
-- Name: resource_server_perm_ticket fk_frsrpo2128cx4wnkog82ssrfy; Type: FK CONSTRAINT; Schema: keycloak; Owner: dan_ms_user
--

ALTER TABLE ONLY keycloak.resource_server_perm_ticket
    ADD CONSTRAINT fk_frsrpo2128cx4wnkog82ssrfy FOREIGN KEY (policy_id) REFERENCES keycloak.resource_server_policy(id);


--
-- Name: resource_server_policy fk_frsrpo213xcx4wnkog82ssrfy; Type: FK CONSTRAINT; Schema: keycloak; Owner: dan_ms_user
--

ALTER TABLE ONLY keycloak.resource_server_policy
    ADD CONSTRAINT fk_frsrpo213xcx4wnkog82ssrfy FOREIGN KEY (resource_server_id) REFERENCES keycloak.resource_server(id);


--
-- Name: resource_scope fk_frsrpos13xcx4wnkog82ssrfy; Type: FK CONSTRAINT; Schema: keycloak; Owner: dan_ms_user
--

ALTER TABLE ONLY keycloak.resource_scope
    ADD CONSTRAINT fk_frsrpos13xcx4wnkog82ssrfy FOREIGN KEY (resource_id) REFERENCES keycloak.resource_server_resource(id);


--
-- Name: resource_policy fk_frsrpos53xcx4wnkog82ssrfy; Type: FK CONSTRAINT; Schema: keycloak; Owner: dan_ms_user
--

ALTER TABLE ONLY keycloak.resource_policy
    ADD CONSTRAINT fk_frsrpos53xcx4wnkog82ssrfy FOREIGN KEY (resource_id) REFERENCES keycloak.resource_server_resource(id);


--
-- Name: resource_policy fk_frsrpp213xcx4wnkog82ssrfy; Type: FK CONSTRAINT; Schema: keycloak; Owner: dan_ms_user
--

ALTER TABLE ONLY keycloak.resource_policy
    ADD CONSTRAINT fk_frsrpp213xcx4wnkog82ssrfy FOREIGN KEY (policy_id) REFERENCES keycloak.resource_server_policy(id);


--
-- Name: resource_scope fk_frsrps213xcx4wnkog82ssrfy; Type: FK CONSTRAINT; Schema: keycloak; Owner: dan_ms_user
--

ALTER TABLE ONLY keycloak.resource_scope
    ADD CONSTRAINT fk_frsrps213xcx4wnkog82ssrfy FOREIGN KEY (scope_id) REFERENCES keycloak.resource_server_scope(id);


--
-- Name: resource_server_scope fk_frsrso213xcx4wnkog82ssrfy; Type: FK CONSTRAINT; Schema: keycloak; Owner: dan_ms_user
--

ALTER TABLE ONLY keycloak.resource_server_scope
    ADD CONSTRAINT fk_frsrso213xcx4wnkog82ssrfy FOREIGN KEY (resource_server_id) REFERENCES keycloak.resource_server(id);


--
-- Name: composite_role fk_gr7thllb9lu8q4vqa4524jjy8; Type: FK CONSTRAINT; Schema: keycloak; Owner: dan_ms_user
--

ALTER TABLE ONLY keycloak.composite_role
    ADD CONSTRAINT fk_gr7thllb9lu8q4vqa4524jjy8 FOREIGN KEY (child_role) REFERENCES keycloak.keycloak_role(id);


--
-- Name: user_consent_client_scope fk_grntcsnt_clsc_usc; Type: FK CONSTRAINT; Schema: keycloak; Owner: dan_ms_user
--

ALTER TABLE ONLY keycloak.user_consent_client_scope
    ADD CONSTRAINT fk_grntcsnt_clsc_usc FOREIGN KEY (user_consent_id) REFERENCES keycloak.user_consent(id);


--
-- Name: user_consent fk_grntcsnt_user; Type: FK CONSTRAINT; Schema: keycloak; Owner: dan_ms_user
--

ALTER TABLE ONLY keycloak.user_consent
    ADD CONSTRAINT fk_grntcsnt_user FOREIGN KEY (user_id) REFERENCES keycloak.user_entity(id);


--
-- Name: group_attribute fk_group_attribute_group; Type: FK CONSTRAINT; Schema: keycloak; Owner: dan_ms_user
--

ALTER TABLE ONLY keycloak.group_attribute
    ADD CONSTRAINT fk_group_attribute_group FOREIGN KEY (group_id) REFERENCES keycloak.keycloak_group(id);


--
-- Name: group_role_mapping fk_group_role_group; Type: FK CONSTRAINT; Schema: keycloak; Owner: dan_ms_user
--

ALTER TABLE ONLY keycloak.group_role_mapping
    ADD CONSTRAINT fk_group_role_group FOREIGN KEY (group_id) REFERENCES keycloak.keycloak_group(id);


--
-- Name: realm_enabled_event_types fk_h846o4h0w8epx5nwedrf5y69j; Type: FK CONSTRAINT; Schema: keycloak; Owner: dan_ms_user
--

ALTER TABLE ONLY keycloak.realm_enabled_event_types
    ADD CONSTRAINT fk_h846o4h0w8epx5nwedrf5y69j FOREIGN KEY (realm_id) REFERENCES keycloak.realm(id);


--
-- Name: realm_events_listeners fk_h846o4h0w8epx5nxev9f5y69j; Type: FK CONSTRAINT; Schema: keycloak; Owner: dan_ms_user
--

ALTER TABLE ONLY keycloak.realm_events_listeners
    ADD CONSTRAINT fk_h846o4h0w8epx5nxev9f5y69j FOREIGN KEY (realm_id) REFERENCES keycloak.realm(id);


--
-- Name: identity_provider_mapper fk_idpm_realm; Type: FK CONSTRAINT; Schema: keycloak; Owner: dan_ms_user
--

ALTER TABLE ONLY keycloak.identity_provider_mapper
    ADD CONSTRAINT fk_idpm_realm FOREIGN KEY (realm_id) REFERENCES keycloak.realm(id);


--
-- Name: idp_mapper_config fk_idpmconfig; Type: FK CONSTRAINT; Schema: keycloak; Owner: dan_ms_user
--

ALTER TABLE ONLY keycloak.idp_mapper_config
    ADD CONSTRAINT fk_idpmconfig FOREIGN KEY (idp_mapper_id) REFERENCES keycloak.identity_provider_mapper(id);


--
-- Name: web_origins fk_lojpho213xcx4wnkog82ssrfy; Type: FK CONSTRAINT; Schema: keycloak; Owner: dan_ms_user
--

ALTER TABLE ONLY keycloak.web_origins
    ADD CONSTRAINT fk_lojpho213xcx4wnkog82ssrfy FOREIGN KEY (client_id) REFERENCES keycloak.client(id);


--
-- Name: scope_mapping fk_ouse064plmlr732lxjcn1q5f1; Type: FK CONSTRAINT; Schema: keycloak; Owner: dan_ms_user
--

ALTER TABLE ONLY keycloak.scope_mapping
    ADD CONSTRAINT fk_ouse064plmlr732lxjcn1q5f1 FOREIGN KEY (client_id) REFERENCES keycloak.client(id);


--
-- Name: protocol_mapper fk_pcm_realm; Type: FK CONSTRAINT; Schema: keycloak; Owner: dan_ms_user
--

ALTER TABLE ONLY keycloak.protocol_mapper
    ADD CONSTRAINT fk_pcm_realm FOREIGN KEY (client_id) REFERENCES keycloak.client(id);


--
-- Name: credential fk_pfyr0glasqyl0dei3kl69r6v0; Type: FK CONSTRAINT; Schema: keycloak; Owner: dan_ms_user
--

ALTER TABLE ONLY keycloak.credential
    ADD CONSTRAINT fk_pfyr0glasqyl0dei3kl69r6v0 FOREIGN KEY (user_id) REFERENCES keycloak.user_entity(id);


--
-- Name: protocol_mapper_config fk_pmconfig; Type: FK CONSTRAINT; Schema: keycloak; Owner: dan_ms_user
--

ALTER TABLE ONLY keycloak.protocol_mapper_config
    ADD CONSTRAINT fk_pmconfig FOREIGN KEY (protocol_mapper_id) REFERENCES keycloak.protocol_mapper(id);


--
-- Name: default_client_scope fk_r_def_cli_scope_realm; Type: FK CONSTRAINT; Schema: keycloak; Owner: dan_ms_user
--

ALTER TABLE ONLY keycloak.default_client_scope
    ADD CONSTRAINT fk_r_def_cli_scope_realm FOREIGN KEY (realm_id) REFERENCES keycloak.realm(id);


--
-- Name: required_action_provider fk_req_act_realm; Type: FK CONSTRAINT; Schema: keycloak; Owner: dan_ms_user
--

ALTER TABLE ONLY keycloak.required_action_provider
    ADD CONSTRAINT fk_req_act_realm FOREIGN KEY (realm_id) REFERENCES keycloak.realm(id);


--
-- Name: resource_uris fk_resource_server_uris; Type: FK CONSTRAINT; Schema: keycloak; Owner: dan_ms_user
--

ALTER TABLE ONLY keycloak.resource_uris
    ADD CONSTRAINT fk_resource_server_uris FOREIGN KEY (resource_id) REFERENCES keycloak.resource_server_resource(id);


--
-- Name: role_attribute fk_role_attribute_id; Type: FK CONSTRAINT; Schema: keycloak; Owner: dan_ms_user
--

ALTER TABLE ONLY keycloak.role_attribute
    ADD CONSTRAINT fk_role_attribute_id FOREIGN KEY (role_id) REFERENCES keycloak.keycloak_role(id);


--
-- Name: realm_supported_locales fk_supported_locales_realm; Type: FK CONSTRAINT; Schema: keycloak; Owner: dan_ms_user
--

ALTER TABLE ONLY keycloak.realm_supported_locales
    ADD CONSTRAINT fk_supported_locales_realm FOREIGN KEY (realm_id) REFERENCES keycloak.realm(id);


--
-- Name: user_federation_config fk_t13hpu1j94r2ebpekr39x5eu5; Type: FK CONSTRAINT; Schema: keycloak; Owner: dan_ms_user
--

ALTER TABLE ONLY keycloak.user_federation_config
    ADD CONSTRAINT fk_t13hpu1j94r2ebpekr39x5eu5 FOREIGN KEY (user_federation_provider_id) REFERENCES keycloak.user_federation_provider(id);


--
-- Name: user_group_membership fk_user_group_user; Type: FK CONSTRAINT; Schema: keycloak; Owner: dan_ms_user
--

ALTER TABLE ONLY keycloak.user_group_membership
    ADD CONSTRAINT fk_user_group_user FOREIGN KEY (user_id) REFERENCES keycloak.user_entity(id);


--
-- Name: policy_config fkdc34197cf864c4e43; Type: FK CONSTRAINT; Schema: keycloak; Owner: dan_ms_user
--

ALTER TABLE ONLY keycloak.policy_config
    ADD CONSTRAINT fkdc34197cf864c4e43 FOREIGN KEY (policy_id) REFERENCES keycloak.resource_server_policy(id);


--
-- Name: identity_provider_config fkdc4897cf864c4e43; Type: FK CONSTRAINT; Schema: keycloak; Owner: dan_ms_user
--

ALTER TABLE ONLY keycloak.identity_provider_config
    ADD CONSTRAINT fkdc4897cf864c4e43 FOREIGN KEY (identity_provider_id) REFERENCES keycloak.identity_provider(internal_id);


--
-- Name: camion fk_camion_id_estado_estado_camion_id; Type: FK CONSTRAINT; Schema: ms_envio; Owner: dan_ms_user
--

ALTER TABLE ONLY ms_envio.camion
    ADD CONSTRAINT fk_camion_id_estado_estado_camion_id FOREIGN KEY (id_estado) REFERENCES ms_envio.estado_camion(id);


--
-- Name: envio fk_envio_id_camion_to_camion_id; Type: FK CONSTRAINT; Schema: ms_envio; Owner: dan_ms_user
--

ALTER TABLE ONLY ms_envio.envio
    ADD CONSTRAINT fk_envio_id_camion_to_camion_id FOREIGN KEY (id_camion) REFERENCES ms_envio.camion(id);


--
-- Name: envio fk_envio_id_remito_to_remito_id; Type: FK CONSTRAINT; Schema: ms_envio; Owner: dan_ms_user
--

ALTER TABLE ONLY ms_envio.envio
    ADD CONSTRAINT fk_envio_id_remito_to_remito_id FOREIGN KEY (id_remito) REFERENCES ms_envio.remito(id);


--
-- Name: detalle_provision fk_detalle_provision_id_material_to_material_id; Type: FK CONSTRAINT; Schema: ms_material; Owner: dan_ms_user
--

ALTER TABLE ONLY ms_material.detalle_provision
    ADD CONSTRAINT fk_detalle_provision_id_material_to_material_id FOREIGN KEY (id_material) REFERENCES ms_material.material(id);


--
-- Name: detalle_provision fk_detalle_provision_id_provision_to_provision_id; Type: FK CONSTRAINT; Schema: ms_material; Owner: dan_ms_user
--

ALTER TABLE ONLY ms_material.detalle_provision
    ADD CONSTRAINT fk_detalle_provision_id_provision_to_provision_id FOREIGN KEY (id_provision) REFERENCES ms_material.provision(id);


--
-- Name: material fk_material_id_unidad_to_unidad_id; Type: FK CONSTRAINT; Schema: ms_material; Owner: dan_ms_user
--

ALTER TABLE ONLY ms_material.material
    ADD CONSTRAINT fk_material_id_unidad_to_unidad_id FOREIGN KEY (id_unidad) REFERENCES ms_material.unidad(id);


--
-- Name: movimiento_stock fk_movimiento_stock_id_detalle_pedido_to_detalle_pedido_id; Type: FK CONSTRAINT; Schema: ms_material; Owner: dan_ms_user
--

ALTER TABLE ONLY ms_material.movimiento_stock
    ADD CONSTRAINT fk_movimiento_stock_id_detalle_pedido_to_detalle_pedido_id FOREIGN KEY (id_detalle_pedido) REFERENCES ms_pedido.detalle_pedido(id);


--
-- Name: movimiento_stock fk_movimiento_stock_id_detalle_provision_to_detalle_provision_i; Type: FK CONSTRAINT; Schema: ms_material; Owner: dan_ms_user
--

ALTER TABLE ONLY ms_material.movimiento_stock
    ADD CONSTRAINT fk_movimiento_stock_id_detalle_provision_to_detalle_provision_i FOREIGN KEY (id_detalle_provision) REFERENCES ms_material.detalle_provision(id);


--
-- Name: movimiento_stock fk_movimiento_stock_id_material_to_material_id; Type: FK CONSTRAINT; Schema: ms_material; Owner: dan_ms_user
--

ALTER TABLE ONLY ms_material.movimiento_stock
    ADD CONSTRAINT fk_movimiento_stock_id_material_to_material_id FOREIGN KEY (id_material) REFERENCES ms_material.material(id);


--
-- Name: cheque fk_cheque_id_to_medio_pago_id; Type: FK CONSTRAINT; Schema: ms_pago; Owner: dan_ms_user
--

ALTER TABLE ONLY ms_pago.cheque
    ADD CONSTRAINT fk_cheque_id_to_medio_pago_id FOREIGN KEY (id) REFERENCES ms_pago.medio_pago(id);


--
-- Name: efectivo fk_efectivo_id_to_medio_pago_id; Type: FK CONSTRAINT; Schema: ms_pago; Owner: dan_ms_user
--

ALTER TABLE ONLY ms_pago.efectivo
    ADD CONSTRAINT fk_efectivo_id_to_medio_pago_id FOREIGN KEY (id) REFERENCES ms_pago.medio_pago(id);


--
-- Name: pago fk_pago_id_cliente_cliente_id; Type: FK CONSTRAINT; Schema: ms_pago; Owner: dan_ms_user
--

ALTER TABLE ONLY ms_pago.pago
    ADD CONSTRAINT fk_pago_id_cliente_cliente_id FOREIGN KEY (id_cliente) REFERENCES ms_usuario.cliente(id);


--
-- Name: pago fk_pago_id_medio_medio_pago_id; Type: FK CONSTRAINT; Schema: ms_pago; Owner: dan_ms_user
--

ALTER TABLE ONLY ms_pago.pago
    ADD CONSTRAINT fk_pago_id_medio_medio_pago_id FOREIGN KEY (id_medio) REFERENCES ms_pago.medio_pago(id);


--
-- Name: transferencia fk_transferencia_id_to_medio_pago_id; Type: FK CONSTRAINT; Schema: ms_pago; Owner: dan_ms_user
--

ALTER TABLE ONLY ms_pago.transferencia
    ADD CONSTRAINT fk_transferencia_id_to_medio_pago_id FOREIGN KEY (id) REFERENCES ms_pago.medio_pago(id);


--
-- Name: detalle_pedido fk_detalle_pedido_id_material_material_id; Type: FK CONSTRAINT; Schema: ms_pedido; Owner: dan_ms_user
--

ALTER TABLE ONLY ms_pedido.detalle_pedido
    ADD CONSTRAINT fk_detalle_pedido_id_material_material_id FOREIGN KEY (id_material) REFERENCES ms_material.material(id);


--
-- Name: detalle_pedido fk_detalle_pedido_id_pedido_to_pedido_id; Type: FK CONSTRAINT; Schema: ms_pedido; Owner: dan_ms_user
--

ALTER TABLE ONLY ms_pedido.detalle_pedido
    ADD CONSTRAINT fk_detalle_pedido_id_pedido_to_pedido_id FOREIGN KEY (id_pedido) REFERENCES ms_pedido.pedido(id);


--
-- Name: pedido fk_pedido_id_envio_envio_id; Type: FK CONSTRAINT; Schema: ms_pedido; Owner: dan_ms_user
--

ALTER TABLE ONLY ms_pedido.pedido
    ADD CONSTRAINT fk_pedido_id_envio_envio_id FOREIGN KEY (id_envio) REFERENCES ms_envio.envio(id);


--
-- Name: pedido fk_pedido_id_estado_estado_pedido_id; Type: FK CONSTRAINT; Schema: ms_pedido; Owner: dan_ms_user
--

ALTER TABLE ONLY ms_pedido.pedido
    ADD CONSTRAINT fk_pedido_id_estado_estado_pedido_id FOREIGN KEY (id_estado) REFERENCES ms_pedido.estado_pedido(id);


--
-- Name: pedido fk_pedido_id_obra_obra_id; Type: FK CONSTRAINT; Schema: ms_pedido; Owner: dan_ms_user
--

ALTER TABLE ONLY ms_pedido.pedido
    ADD CONSTRAINT fk_pedido_id_obra_obra_id FOREIGN KEY (id_obra) REFERENCES ms_usuario.obra(id);


--
-- Name: cliente fk_cliente_id_usuario_to_usuario_id; Type: FK CONSTRAINT; Schema: ms_usuario; Owner: dan_ms_user
--

ALTER TABLE ONLY ms_usuario.cliente
    ADD CONSTRAINT fk_cliente_id_usuario_to_usuario_id FOREIGN KEY (id_usuario) REFERENCES ms_usuario.usuario(id);


--
-- Name: empleado fk_empleado_id_usuario_to_usuario_id; Type: FK CONSTRAINT; Schema: ms_usuario; Owner: dan_ms_user
--

ALTER TABLE ONLY ms_usuario.empleado
    ADD CONSTRAINT fk_empleado_id_usuario_to_usuario_id FOREIGN KEY (id_usuario) REFERENCES ms_usuario.usuario(id);


--
-- Name: obra fk_obra_id_cliente_to_cliente_id; Type: FK CONSTRAINT; Schema: ms_usuario; Owner: dan_ms_user
--

ALTER TABLE ONLY ms_usuario.obra
    ADD CONSTRAINT fk_obra_id_cliente_to_cliente_id FOREIGN KEY (id_cliente) REFERENCES ms_usuario.cliente(id);


--
-- Name: obra fk_obra_id_tipo_obra_to_tipo_obra_id; Type: FK CONSTRAINT; Schema: ms_usuario; Owner: dan_ms_user
--

ALTER TABLE ONLY ms_usuario.obra
    ADD CONSTRAINT fk_obra_id_tipo_obra_to_tipo_obra_id FOREIGN KEY (id_tipo_obra) REFERENCES ms_usuario.tipo_obra(id);


--
-- Name: usuario fk_usuario_id_tipo_usuario_tipo_usuario_id; Type: FK CONSTRAINT; Schema: ms_usuario; Owner: dan_ms_user
--

ALTER TABLE ONLY ms_usuario.usuario
    ADD CONSTRAINT fk_usuario_id_tipo_usuario_tipo_usuario_id FOREIGN KEY (id_tipo_usuario) REFERENCES ms_usuario.tipo_usuario(id);


--
-- PostgreSQL database dump complete
--

